D_R,poly_id,objectid,geoid,Violent,Property,SqMi,VCDensity,vclag,PCDensity,pclag,TractID,Id2,Total_Pop,PAIProp,OccuProp,OwnerProp,Inc75K_,MandFHH_ch,Unemployed,ForeignPro,HispProp,SSIProp,BelowProp,BAup,EthnHerter,SameProp,Shape_Leng,Shape_Area,FAC1_1,FAC2_1,FAC3_1,FAC4_1
 ,1,1,55131470204,0,0,.02878247409,0,125,0,114,55131470204,0,0,0,0,0,0,0,0,0,0,0,0,0,0,0,3868.34015978,802406.115899,-2.58605839541087,-.310096245268408,-4.63166978240905,-3.20704592104683
 ,2,2,55079186100,87,71,.19482456587,446.555595341,66.3333333,364.430428382,56.3333333,55079186100,55079186100,2092,.0874471086,.13961605585,.22143864598,.05923836389,.63095238095,.42361111111,.07839388145,.04015296367,.17348377997,.47954866009,.066860465,.46201156916,.81135802469,9583.09066399,5431375.45093,1.72608009372509,-.333172436426606,-.331052676877601,.508578103133298
 ,3,3,55079185800,61,51,.1695372946,359.802839517,72.8571429,300.818767465,65.4285714,55079185800,55079185800,1449,.06048387097,.01957295374,.66733870968,.08467741935,.23547400612,.36085343228,.016563147,.04071773637,.08064516129,.16935483871,.126745435,.14828912731,.87137809187,9138.20333907,4726409.60734,.0931314874668715,-.611949162675288,.818856519413167,-1.86155466997522
 ,4,4,55079185400,76,67,.27520131228,276.161473837,81.5714286,243.458141409,62.2857143,55079185400,55079185400,1452,.06194690265,.06982543641,.36725663717,.10398230089,.46846846847,.44878048781,.00826446281,0,.17699115044,.48672566372,.132098765,.27624336908,.6965901183,11297.9023394,7672141.57446,1.22218020659448,-.89621091898556,-.381883732960153,-.475777503054124
 ,5,5,55079185900,32,34,.18623497658,171.825940475,69.2857143,182.565061755,61,55079185900,55079185900,1065,.04456824513,0,.42339832869,.24233983287,.44921875,.38151041667,.1117370892,0,.15598885794,.23676880223,.220103986,.47474619233,.77840375587,9993.27884695,5191912.40272,.339273462177948,-.470198482843576,.239500263533026,-1.49944048521807
 ,6,6,55079000101,185,156,1.53611567216,120.43363879,100,101.554852169,108.6666667,55079000101,55079000101,4469,.04225959465,.01942857143,.234152652,.16472617508,.46359743041,.44347826087,.02260013426,.03513090177,.13281586891,.31608451919,.328167377,.4968835559,.81780727855,26666.3352695,42824275.8517,.649400570472965,-.840573826573835,-.117030517753831,-.853190665413208
 ,7,7,55079016100,51,78,.22832204179,223.368710262,68.5,341.622733342,91.3333333,55079016100,55079016100,3624,.01917255298,.06746826987,.5156407669,.11099899092,.27750611247,.34233485667,.26103752759,.73841059603,.06458123108,.27245206862,.041314087,.51835887437,.96082299887,12911.9291121,6365227.74812,-.262243492343565,2.56710905596599,.560087734191751,-1.20407649214152
 ,8,8,55079007000,112,99,.25613304006,437.272754713,56.875,386.517881398,77.25,55079007000,55079007000,2811,.10112359551,.09176915799,.20037453184,.10767790262,.40435458787,.39544609665,.0547847741,.07897545358,.14794007491,.42509363296,.056419113,.32436085759,.77659196016,10947.6079062,7140550.78079,1.20111004713485,-.387617459246711,-.499934237364883,-.165218048537826
 ,9,9,55079021200,20,27,.74797047698,26.7390232842,24.6666667,36.0976814337,54.7777778,55079021200,55079021200,2346,.02694610778,.07249070632,.65069860279,.24051896208,.10382513661,.39276066991,.11295822677,.18030690537,.08283433134,.12375249501,.163875598,.2259020996,.8738699957,21015.1439514,20852136.7341,-.370567599664695,.247189010938493,.901740239466308,-.799302472398749
 ,10,10,55079008700,75,53,.12710753782,590.051552302,99.1666667,416.969763627,77,55079008700,55079008700,1304,.1074168798,.01351351351,.36061381074,.0179028133,.56985294118,.56894409938,0,.06825153374,.273657289,.452685422,.103503185,.01973987542,.94708588957,7976.99072453,3543540.60769,2.37627251712543,-1.01975983607755,.85240814100817,-1.09569470848414
 ,11,11,55079008600,73,50,.11661382932,625.997794843,95.1666667,428.765612906,72,55079008600,55079008600,1004,.05929919137,.10826210826,.34770889488,.0781671159,.45454545455,.47027741083,.00398406375,0,.20485175202,.34770889488,.098039216,.0621924652,.93908629442,7945.31234941,3250993.97477,1.48612235095095,-.802409001708192,.521405684516944,.00687572899809713
 ,12,12,55079005500,15,46,.48552112694,30.8946391161,25.4,94.7435599559,52.6,55079005500,55079005500,3207,.02484031228,.08775510204,.86373314407,.46273953158,.15976331361,.19236883943,.04303086997,.10539444964,0,.03690560681,.458098133,.34666789955,.96114070824,22232.7285248,13535498.0414,-1.23747349799906,-.481258654827076,1.62055238720416,-.339422800257541
 ,13,13,55079005600,8,37,.47815203388,16.7310801444,10.5,77.381245668,30,55079005600,55079005600,2273,0,.1098221191,.77178423237,.45539419087,.14285714286,.28847184987,.05367355917,.06115266168,.02593360996,.08091286307,.520496894,.32203980661,.85848214286,16189.743986,13330060.3391,-1.12418006755975,-.566599844637569,1.11642754922737,.294309915250235
 ,14,14,55079005900,123,141,.32590275589,377.413193901,64,432.644393008,72.3333333,55079005900,55079005900,3563,.03513909224,.09260337798,.46998535871,.21888726208,.32586786114,.28443449048,.03564412012,.11535223127,.12298682284,.20571010249,.142791762,.52399631697,.90414132638,14052.8997107,9085611.04596,.0873582777084447,-.262653424658219,.467389139467943,-.564881647544752
 ,15,15,55079007100,35,87,.14192587766,246.607599517,53.3333333,612.996033084,87.1666667,55079007100,55079007100,2001,.04520990312,.06807511737,.31431646932,.19590958019,.23765432099,.22901612007,.03448275862,.05797101449,.05166846071,.18729817007,.483068417,.4413205691,.76111944028,7953.18355762,3956650.56069,-.603004891701272,-.598653880843625,-.605269181073086,-.313663341472773
 ,16,16,55079007200,33,133,.32640413695,101.101659767,55.5,407.470325727,95,55079007200,55079007200,2895,.02751031637,.09534011784,.44291609354,.30261348005,.2252559727,.2346214511,.0286701209,.11088082902,.04951856946,.16299862448,.497489731,.46963826024,.85969209237,14712.6139926,9099588.69177,-.701370596453795,-.504152046384469,.141376851136509,.12366442709987
 ,17,17,55079019500,12,18,.50604014,23.7135338712,19.5,35.5703008068,23,55079019500,55079019500,3520,0,.07705099778,.73578595318,.48244147157,.25416204217,.28987672768,.04517045455,.11789772727,.04180602007,.08779264214,.195720018,.17511686467,.87088388215,16049.8866619,14107533.0067,-.860449941191692,-.320240846479147,1.25785123819017,-.782491237097951
 ,18,18,55079101600,0,0,.00365748645,0,23.3333333,0,45.6666667,55079101600,55079101600,4463,.01474201474,.10717069369,.54742014742,.2402948403,.08195121951,.26574749932,.07282097244,.18597356038,.03243243243,.09631449631,.216350365,.26736421039,.91545784225,3280.59444267,101964.462386,-.856771928844489,.243231822896009,.517129396436879,-.391973708007785
 ,19,19,55079013600,76,75,.15091239904,503.603418182,98.4,496.977057416,73.8,55079013600,55079013600,2238,.11694915254,.05013550136,.07457627119,.02711864407,.38781163435,.49973074852,.01340482574,.16487935657,.16610169491,.48898305085,.107072042,.48981261196,.76197053407,9020.50621403,4207179.39597,1.62121397905204,-.546104838452647,-.735609167015927,-.454865664893304
 ,20,20,55079016000,70,109,.15268989921,458.445518418,73.75,713.865164393,105.75,55079016000,55079016000,3289,.04449388209,.11155378486,.28921023359,.01557285873,.44555873926,.42930711611,.20127698389,.58163575555,.10233592881,.44160177975,.04964539,.71589932666,.84172885572,8598.36564443,4256733.05856,.741964660514608,1.7950647465564,-.324433569737269,-.208605952207345
 ,21,21,55079018500,17,86,.72431372823,23.470492602,32.5555556,118.733080222,53.5555556,55079018500,55079018500,2013,.00713266762,.18301314459,.76034236805,.38373751783,.16532258064,.28780487805,.11922503726,.28017883756,.00427960057,.12410841655,.260591527,.27224925713,.94156171285,21630.4672354,20192627.0678,-.835600883696716,.621344144688559,1.24034010937832,.833822846398645
 ,22,22,55079014600,43,33,.15613063143,275.410402207,54,211.361471461,88.8,55079014600,55079014600,3720,.04772234273,.06651718984,.00976138829,0,.44444444444,.60098522168,.05967741935,.06075268817,.22017353579,.65618221258,.262430939,.45541514915,.49731182796,8683.59651317,4352654.78413,1.59068025554599,-.589143524841796,-1.92162679678136,.214498944841792
 ,23,23,55079187400,43,183,.66673746804,64.4931506942,54.75,274.470850629,122.25,55079187400,55079187400,3249,.01582278481,.22019417476,.42827004219,.57594936709,.05976095618,.16497461929,.06032625423,.06463527239,.00474683544,.09071729958,.787969925,.2213733212,.66086415915,21992.9186006,18587499.4765,-1.63710647424321,-.646949846381663,-.556388844207724,2.64987753838974
 ,24,24,55079980000,4,20,.76206128215,5.24892169919,19.375,26.2446084959,75.875,55079980000,55079980000,0,0,0,0,0,0,0,0,0,0,0,0,0,0,61894.9541068,21244964.2655,-2.58605839541087,-.310096245268408,-4.63166978240905,-3.20704592104683
 ,25,25,55079006700,74,45,.16324185723,453.315107149,93.2,275.664592185,77.8,55079006700,55079006700,1200,.10563380282,.12994350283,.29107981221,.06338028169,.47389558233,.48982035928,.1825,.01916666667,.18309859155,.38028169014,.15993538,.22159513889,.70077386071,11934.8279234,4550903.58825,1.48356815760768,-.0413584404683354,-.429283830264325,.619457329372128
 ,26,26,55079006400,106,83,.18858467235,562.08173591,107.5,440.120604534,83,55079006400,55079006400,1941,.04326123128,.13274336283,.35607321131,.06988352745,.3252688172,.52521008403,.00927357032,.00875837197,.13976705491,.47254575707,.006475486,.03668206953,.84337970119,9255.22668255,5257417.89922,1.2891679376737,-.550945360729087,.0662725654554695,.316047763201247
 ,27,27,55079009900,100,82,.19932291841,501.698453922,85.2857143,411.392732216,63.2857143,55079009900,55079009900,1175,.09863013699,.18554216868,.41917808219,.11506849315,.58227848101,.39371069182,0,.02808510638,.1397260274,.3095890411,.058430718,.06657564509,.84824561403,10356.7167807,5556781.82086,1.475033461155,-.798373378456267,.362308261777198,.844629121939443
 ,28,28,55079009700,85,57,.17226837258,493.416166453,102.2857143,330.879076327,78.7142857,55079009700,55079009700,1661,.11274509804,.10563380282,.47303921569,.29901960784,.43113772455,.37603305785,.23901264299,.04635761589,.15931372549,.27696078431,.160810811,.5608221475,.87012195122,8929.73772348,4802547.38729,.939923741802433,.244374026093768,.748981799013288,.27984830642084
 ,29,29,55079009000,161,113,.19421280548,828.987561366,113.4285714,581.835990275,78,55079009000,55079009000,2586,.11627906977,.15162454874,.21477428181,.06155950752,.54203935599,.34235976789,.09242072699,.0003866976,.20656634747,.40218878249,.063688999,.29401728266,.72878667724,9497.54956256,5414320.6182,1.55896805841736,-.416936158376377,-.702395136594397,.583711042202796
 ,30,30,55079013000,22,19,.25220934268,87.2291238956,33.25,75.3342433644,57.75,55079013000,55079013000,1938,.05714285714,.06751054852,.57888198758,.18881987578,.37810945274,.28,.12229102167,.26264189887,.06211180124,.15527950311,.236334405,.35191051599,.88316516198,16194.0001695,7031164.81325,-.167090007281299,.386942455403756,.640541574557032,-.939580306719354
 ,31,31,55079005700,11,50,.30764932291,35.7549949917,19.6666667,162.522704508,41.5,55079005700,55079005700,2610,.00787401575,.12169312169,.76902887139,.35433070866,.11169284468,.22999080037,.0061302682,.01455938697,.02362204724,.06036745407,.417136993,.32600901337,.86049237984,11722.4679381,8576736.57579,-1.11831108534998,-.739813671145541,.906048168525565,.0353689128051723
 ,32,32,55079091300,0,1,.00291381075,0,14,343.193187875,20,55079091300,55079091300,3713,0,.10144927536,.68963254593,.58727034121,.02663706992,.31291172596,.0420145435,.02558577969,.01443569554,.07677165354,.675107129,.10727799321,.85035306898,2672.90654609,81232.0566676,-1.37725043787793,-.883560881331648,1.0557155681532,.783667715574049
 ,33,33,55079012700,7,26,.39108174995,17.8990709768,18.75,66.4822636281,21,55079012700,55079012700,1252,.02681992337,.14748784441,.5,.30651340996,.29296875,.34645669291,.01837060703,.17811501597,.030651341,.08429118774,.397849462,.12539744715,.7731629393,14243.0861538,10902689.8454,-.495585671381944,-.432777423112715,.243512059295518,.63178068606056
 ,34,34,55079018600,68,69,.18467234938,368.219715772,65.2857143,373.634711592,88,55079018600,55079018600,2754,.0195599022,.12434782609,.47188264059,.1564792176,.31833333333,.32589048379,.23928830792,.69063180828,.11002444988,.31784841076,.073011734,.58816370089,.91829223408,9170.0317836,5148349.03084,-.00800813148761587,2.29552605240928,.317364600951931,-.200173623620531
 ,35,35,55079002900,78,70,.25347169627,307.726665923,106.3333333,276.164956598,92.8333333,55079002900,55079002900,2253,.09004092769,.06125,.42701227831,.14733969986,.51149425287,.35583272194,.04039059032,.1074123391,.03410641201,.2687585266,.132040628,.52204083957,.73725671918,10643.4052229,7066357.07092,.461118160402928,-.474444046655253,-.0523496809102269,-.995058567310346
 ,36,36,55079013300,30,44,.23020987974,130.315866695,83.2,191.129937819,79.6,55079013300,55079013300,1012,.07708779443,.1091954023,.40471092077,.14561027837,.27649769585,.29382093317,.10869565217,.12549407115,.1113490364,.27837259101,.197496523,.68033206268,.85214785215,9996.57690025,6417857.43899,.314899269875453,.0694435198740014,.0156798742827235,-.0399479995066941
 ,37,37,55079016400,159,125,.17967916887,884.910593713,117.8571429,695.68442902,123.4285714,55079016400,55079016400,4381,.06276150628,.16635041113,.27112970711,.08535564854,.31038647343,.32673966796,.26888838165,.78110020543,.09790794979,.39916317992,.03013561,.56830795094,.89964994166,9184.834508,5009147.70402,.395292884235448,2.69598543734872,-.306209467341246,.568520635091039
 ,38,38,55079016900,126,127,.18439228665,683.325763189,119.3333333,688.748983532,131.6666667,55079016900,55079016900,3668,.04865269461,.31811263318,.25224550898,.07110778443,.33290653009,.49611829945,.33887677208,.79552889858,.20209580838,.47155688623,.000426257,.60852747806,.93248124479,9305.64451202,5140541.36119,1.39120983642053,3.12681371786349,-.0708586740640335,3.13187385473167
 ,39,39,55079016300,154,162,.21658335239,711.042646161,120.5,747.979926481,118.5,55079016300,55079016300,4457,.01384615385,.07633587786,.33461538462,.07230769231,.31277056277,.35603817045,.33004262957,.83105227732,.11,.37307692308,.016981132,.51033803479,.87453531599,9867.70305862,6037973.17864,-.0531925892857656,3.17147031350489,-.241360729664684,-.91847542472206
 ,40,40,55079019000,37,81,.96051026075,38.5211918208,25,84.3301766887,55.375,55079019000,55079019000,4761,.03340517241,.07871198569,.68480603448,.35183189655,.26932880204,.34427563755,.06805293006,.25246796891,.05872844828,.16648706897,.228025478,.32786691349,.87435008666,23251.6453369,26777382.1398,-.338822352250776,.0283707051647314,1.08684504056466,-.599310467925074
 ,41,41,55079020400,59,109,.18882681057,312.455629699,50.2,577.248536223,80.6,55079020400,55079020400,3531,.01057692308,.07387387387,.39711538462,.25096153846,.22987012987,.30292259084,.30557915605,.6564712546,.09423076923,.18557692308,.099622285,.54708143537,.83870967742,9274.8650833,5264168.29832,-.685882973044533,2.48847443414186,.00443778039815573,-.858196019118662
 ,42,42,55079009100,100,104,.19639042646,509.189789961,110.8571429,529.557381559,85.1428571,55079009100,55079009100,2239,.09762202753,.11898395722,.23279098874,.17647058824,.38030888031,.4600660066,.02724430549,.03126395712,.27409261577,.47934918648,.147783251,.37478469002,.72134831461,9774.3924519,5475028.96416,1.70871535491073,-.891949725438581,-.426832721131326,.680479818733633
 ,43,43,55079009500,15,48,.19981164708,75.0706989279,66.6666667,240.226236569,63.8333333,55079009500,55079009500,2149,.01457399103,.10993485342,.71412556054,.41704035874,.1523178808,.26647727273,.03210795719,.08189855747,.02130044843,.05269058296,.54031746,.41515494886,.882853094,9656.87838706,5570406.73947,-1.07102757077958,-.642671694357781,1.03466913540047,.285143278930552
 ,44,44,55079009300,50,68,.220259236,227.005236683,64.8,308.727121889,80,55079009300,55079009300,2609,.04125560538,.05993930197,.43049327354,.29058295964,.41594202899,.25427037579,.02912993484,.05749329245,.08340807175,.14708520179,.373325568,.5765953599,.80491611393,9955.13317584,6140450.52225,-.288301931485328,-.720841272974668,.138341407983253,-.655920314935418
 ,45,45,55079003100,113,116,.48396932201,233.485873715,92.5,239.684613725,100.625,55079003100,55079003100,4141,.063878327,.06476683938,.47604562738,.30418250951,.32371134021,.3307568438,.11229171698,.04443371166,.15513307985,.12091254753,.216783217,.46366603547,.89392831017,15358.0495531,13492236.3757,.210057827620044,-.324347953040783,.776950411370305,-.587263984854274
 ,46,46,55079003600,102,156,.38878020777,262.359034647,92.8333333,401.254994167,102.6666667,55079003600,55079003600,2301,.01815823606,.14565483476,.43968871595,.23346303502,.42039355993,.40383463152,.02781399392,.0530204259,.15693904021,.29182879377,.176040906,.23037939969,.79279279279,13695.4598406,10838526.7886,.569243725699665,-.543035887393621,.174980497616844,.495528276203649
 ,47,47,55079003500,107,129,.45197739455,236.737503445,93.4285714,285.412504153,122.1428571,55079003500,55079003500,3614,.00805860806,.10656682028,.64835164835,.27326007326,.29113924051,.34726027397,.03071389043,.01881571666,.10036630037,.21758241758,.133783784,.34849103392,.86391522588,14784.9176362,12600356.1931,-.0601390087649627,-.49030402014253,.816659435360121,-.401346314550016
 ,48,48,55079003900,98,101,.25627174973,382.406566864,128.3333333,394.112890339,121.8333333,55079003900,55079003900,2703,.02405498282,.08368915457,.42010309278,.17697594502,.32742155525,.37291280148,0,.05068442471,.05756013746,.28092783505,.147624434,.17873277373,.85846953938,10692.7058467,7144417.7691,.126983677633594,-.540601336235601,.202681440898043,-.57986954785135
 ,49,49,55079004700,165,108,.55419014088,297.731749137,138.3333333,194.878963072,118.8888889,55079004700,55079004700,4098,.06604450826,.12729748128,.40918880115,.08470926059,.39550561798,.40996677741,.00610053685,.00805270864,.1816223977,.2936109117,.057825752,.03524282221,.82593688363,18065.5447285,15449872.622,1.09942042361728,-.733929363925489,.165021502786944,-.0124720799396501
 ,50,50,55079006900,88,70,.19433337113,452.830100602,83.6666667,360.205761842,114.8333333,55079006900,55079006900,3046,.03276699029,.08717310087,.2536407767,.06432038835,.57078313253,.42319187089,.01214707814,.13558765594,.20388349515,.49757281553,.043062201,.31203608577,.68293503871,10525.7795551,5417681.78231,1.23675043161184,-.394446531234236,-.788109911334867,-.516938859985556
 ,51,51,55079012400,41,31,.50684478386,80.8926150678,47,61.1627089537,48.8,55079012400,55079012400,2661,.07673860911,.0848733744,.39088729017,.19824140688,.30434782609,.26271970398,.04208944006,.03457346862,.06474820144,.12230215827,.341842397,.67090481591,.84099616858,18173.6979304,14129965.1006,-.127147384657207,-.64112172985451,.0773837306456093,-.313117895199333
 ,52,52,55079090200,0,0,.00503068705,0,15,0,46,55079090200,55079090200,1926,0,.13475935829,.91644908616,.54438642298,.02240325866,.3823907455,.1246105919,.02336448598,.03916449086,.05352480418,.57883672,.33698802742,.91336502905,5597.6136487,140246.944908,-1.06833911091084,-.400700215263253,1.85489356134451,1.0219387446782
 ,53,53,55079003300,120,159,.56858934964,211.048624241,100,279.63942712,138.5,55079003300,55079003300,5200,.02874432678,.08287292818,.482602118,.2223903177,.36068111455,.31588686228,.09192307692,.05884615385,.09026727181,.21785173979,.228373702,.54427300296,.91692913386,16938.0930801,15851297.9176,.0135275652431831,-.140977940238317,.559362339581572,-.478796709260993
 ,54,54,55079000600,131,171,1.49988606471,87.339967403,108,114.00865974,102.2222222,55079000600,55079000600,6958,.03356890459,.05061141304,.63295053004,.23365724382,.34052478134,.36035491026,.12043690716,.01552170164,.15856890459,.23233215548,.169858641,.60749602117,.85514087624,32758.6404239,41814256.4033,.242263941383642,-.223000664863433,.826123710341728,-1.02173820181353
 ,55,55,55079005800,54,75,.39040349197,138.318434929,55.5714286,192.108937402,69.4285714,55079005800,55079005800,3530,.01949317739,.09633251834,.54710851202,.37166991553,.21378504673,.19171374765,.02209631728,.0178470255,.05458089669,.1338531514,.466927763,.50550722661,.86660803283,14499.8029737,10883781.1738,-.882115497520987,-.734611936951374,.424147327795845,.0044922446618297
 ,56,56,55079008800,115,86,.18929897542,607.504608738,100,454.30779436,75.3333333,55079008800,55079008800,1643,.03824362606,.06504065041,.22379603399,.01841359773,.55752212389,.5589016829,.01217285453,.00486914181,.30169971671,.46883852691,.052254098,.06103504826,.77387553912,9769.38271939,5277331.44637,1.96372963186795,-.842798414230383,-.25251618927443,-.529539699267293
 ,57,57,55079013700,96,57,.12180012346,788.17654097,93,467.979821201,76,55079013700,55079013700,1506,.04492939666,.11571675302,.1026957638,.04749679076,.63157894737,.41432456936,.16733067729,.03984063745,.18613607189,.486521181,.12855377,.47229805876,.73480293921,7836.16251459,3395578.9791,1.30279455575511,.206079942176145,-1.00011552379076,.27838939910057
 ,58,58,55079070300,0,0,.0007576258,0,59.5,0,111.5,55079070300,55079070300,4760,.00419287212,.13615980432,.66823899371,.57389937107,.10024855012,.30750137893,.13382352941,.05399159664,.01100628931,.02830188679,.671515152,.31157134913,.82713440406,1725.92691852,21121.3105019,-1.37307863385561,-.33132164987353,.931507866603761,1.23972009269516
 ,59,59,55079001500,107,132,.57320852092,186.668543983,117,230.282689774,106,55079001500,55079001500,3431,.08987701041,.1259469697,.48912015137,.19962157048,.36505867014,.39557836557,.1244535121,0,.12488174078,.30463576159,.096423017,.58278884527,.74024426571,16801.0511975,15980072.5072,.76560369313891,-.272839151421036,.134625422021755,.194194283333913
 ,60,60,55079019300,14,26,.34003507799,41.1722228264,9.5,76.4626995347,15,55079019300,55079019300,2723,.01144366197,.03871829105,.85299295775,.36531690141,.13362701909,.29876977153,.05471905986,.117517444,.0264084507,.04841549296,.232937685,.13798117234,.95867158672,13290.9698308,9479595.99865,-.951335819358481,-.236516514513933,1.68544513592109,-1.44033505825896
 ,61,61,55079008100,37,28,.10766565482,343.656480452,56.2857143,260.064363586,84.4285714,55079008100,55079008100,1279,.04961832061,.078125,.24427480916,.06297709924,.51555555556,.49435897436,.00625488663,.1767005473,.28435114504,.42557251908,.086486486,.52639834801,.83794466403,7567.17829886,3001534.18466,1.72133871176314,-.489486349237815,-.0284334011125232,-.361219414384446
 ,62,62,55079090800,0,0,.00252104875,0,4.75,0,21.75,55079090800,55079090800,2350,.00999000999,.21048689139,.8001998002,.62937062937,.09076682316,.22210125204,.0314893617,0,.01898101898,.02297702298,.768321513,.11778071526,.89682194166,5425.66001026,70282.5244653,-1.34130260085923,-1.00891181838343,1.36270481220625,2.34838888653849
 ,63,63,55079091000,0,0,.00059420605,0,59,0,72,55079091000,55079091000,4864,.00978876868,.15191740413,.63884595569,.57393096342,.14285714286,.20414537195,.04317434211,.04954769737,.03194229778,.06439979392,.672619048,.27525460621,.87523589851,1525.19576106,16565.4477376,-1.28448472942982,-.762399075881904,.870186269082397,1.35387074648964
 ,64,64,55079001900,119,96,.37806311276,314.762260538,109.25,253.925857241,99.625,55079001900,55079001900,2966,.03119266055,.10665362035,.37706422018,.10733944954,.35150645624,.41074600355,.01786918409,.00708024275,.15137614679,.25504587156,.123443422,.32708877733,.75426039537,13276.3409339,10539752.5224,.539812323373221,-.635855584389126,-.205195608038823,-.281606288156363
 ,65,65,55079001300,164,157,.76265453091,215.038386783,109.1428571,205.859919054,106.5714286,55079001300,55079001300,4266,.01362179487,.08471211118,.47435897436,.14663461539,.31425364759,.40966542751,.11861228317,.0515705579,.08012820513,.16666666667,.10021322,.53050604118,.77675407512,18600.3750159,21261503.0255,-.0655175133412961,.0826712124061996,.112460015217665,-.778747707401962
 ,66,66,55079002500,133,130,.21332251653,623.469112238,118.2,609.40589918,87,55079002500,55079002500,2227,.06340819022,.1217948718,.49801849405,.10435931308,.28865979381,.37253694581,.01077682982,.06151773687,.11360634082,.31968295905,.082458771,.33044448374,.87949067758,10482.7209511,5947066.65566,.680586379894856,-.484319464698353,.392976647012794,-.112236153464154
 ,67,67,55079001000,133,131,.59255855767,224.450391067,81.5,221.075197216,75.1666667,55079001000,55079001000,3636,.03911806543,.13507925569,.4039829303,.15931721195,.46816976127,.35058365759,.02062706271,.0096259626,.14153627312,.26813655761,.075973409,.3273725131,.89196753428,21345.8896622,16519518.4139,.737626603647239,-.55000394462737,.345171441856107,.0452464744835479
 ,68,68,55079007500,14,61,.26672202428,52.4891037316,23,228.702523402,69.6666667,55079007500,55079007500,2522,0,.18779342723,.60196292257,.64558342421,.07692307692,.26114039291,.07097541634,.04877081681,0,.20501635769,.850988701,.20275784044,.73177607733,10837.434192,7435753.53762,-1.42769438237983,-.746436614022455,.249849824145045,2.52011485404899
 ,69,69,55079008500,74,55,.15398206043,480.575463105,95.5,357.184465821,68.5,55079008500,55079008500,1162,.04849884527,.04956268222,.25404157044,.05542725173,.55952380952,.50968523002,0,.01979345955,.22401847575,.48036951501,.126829268,.0688001576,.75933970461,8741.30287129,4292756.30181,1.5978036160522,-.908640369168339,-.304273455650669,-.690242773036688
 ,70,70,55079014400,46,161,.22690697083,202.72625311,47,709.541885884,121,55079014400,55079014400,2960,0,.18065371025,.1425729443,.4449602122,0,.19754350051,.17804054054,.0777027027,.00729442971,.13328912467,.762685802,.36463168828,.59370771313,9890.8812301,6325777.99149,-1.77679855252831,.16822304324642,-1.64089499242986,2.19851406417339
 ,71,71,55079015700,112,102,.18786498368,596.172835435,109.1666667,542.943117985,128.5,55079015700,55079015700,2892,.04098360656,.16771300448,.15881147541,.04200819672,.24595469256,.42598925256,.24204702628,.7693637621,.14036885246,.39241803279,.048855906,.61847797807,.91531974701,9346.63256058,5237354.21088,.605298825578971,2.54811546565132,-.422362318580786,.791898994558813
 ,72,72,55079060200,0,0,.01641228052,0,120.6,0,134.8,55079060200,55079060200,5768,.01050583658,.10685126021,.6,.35953307393,.12670007158,.40886800163,.06189320388,.03588765603,.09805447471,.09571984436,.432866184,.33989130811,.86650358204,23643.8926202,457546.290856,-.439975609264404,-.589097970436284,.909065476079828,.380590599430549
 ,73,73,55079004400,119,223,.89532107584,132.913212044,52.375,249.072657864,55.375,55079004400,55079004400,3655,.03448275862,.10344827586,.20024198427,.11554748941,.39413680782,.33950617284,.08180574555,.06621067031,.12280701754,.31094978826,.209982788,.50498700317,.77653942602,33966.0482172,24960019.2369,.353854281930274,-.133541885590348,-.701902762798448,-.0475575568375074
 ,74,74,55079018300,25,43,.259602402,96.3011120371,14.5,165.637912704,42.6666667,55079018300,55079018300,2434,.02218114603,.1122923588,.50092421442,.36136783734,.19958419958,.19785276074,.0377978636,.10805258833,.05268022181,.08780036969,.388633754,.19794505935,.87387017255,12947.7093683,7237270.65378,-.893547133272079,-.374003571728002,.374742993995774,.0684667428870382
 ,75,75,55079021500,8,23,.49843016114,16.0503930614,41,46.1448800515,79.3333333,55079021500,55079021500,3037,.05272895467,.0622923588,.87234042553,.36262719704,.03268765133,.4812599681,.09417188014,.11919657557,.06105457909,.08325624422,.276984835,.28249276376,.94269625704,15860.5970931,13895379.8209,-.251641314441598,-.291696913894731,2.00154745591743,-.540042435988989
 ,76,76,55079080100,0,0,.00369575456,0,59.5,0,111.5,55079080100,55079080100,2703,.0098928277,.15274151436,.43858202803,.40972794724,.14456035768,.24418604651,.11801701813,.0251572327,.00824402308,.07254740313,.674919268,.23352740115,.84375,4543.37030876,103031.311792,-1.21717549259217,-.285593669590692,.122983019956167,1.4023638128474
 ,77,77,55079090300,0,0,9.0819E-007,0,11.5,0,41.5,55079090300,55079090300,3230,0,.11393869289,.45561357702,.34399477807,.14355231144,.3247442213,.12631578947,.08730650155,.03002610966,.10052219321,.492808799,.40065494733,.79534161491,640.787301868,25.318676153,-1.01235609002049,-.0108019026468676,.0742525949187625,.492008223507755
 ,78,78,55079012900,33,24,.39680125913,83.1650586798,15.3333333,60.4836790398,24,55079012900,55079012900,3231,.02371843917,.09101449275,.47895944912,.24407039021,.27014925373,.27401019208,.03095017023,.19622407923,.09028309105,.14078041316,.207746479,.35416439761,.90173228347,13793.644062,11062139.9725,-.324659865533348,-.103317203375476,.466387531116216,-.573830776489512
 ,79,79,55079001800,74,83,.38030939398,194.578417392,124,218.243360047,124.2857143,55079001800,55079001800,3253,.05089285714,.0749796251,.35446428571,.12142857143,.47134502924,.39324857519,.10083000307,.10544113126,.15089285714,.36071428571,.072222222,.56818038994,.80037197768,13430.5280255,10602374.9982,.818596372859644,-.0140792145553829,-.0802510188106439,-.669213388392519
 ,80,80,55079000900,123,119,1.35349027425,90.8761609448,114.6666667,87.9208386377,115.6666667,55079000900,55079000900,3474,.05088495575,.11236749117,.43879056047,.21681415929,.38724911452,.36170212766,.02331606218,.0546919977,.06342182891,.28466076696,.167991521,.46102944515,.87235277053,32773.5046518,37732992.3242,.375121567003884,-.52393243461393,.382885559707518,-.0319330728753643
 ,81,81,55079000303,15,37,.61625179282,24.3406999782,74,60.0403932796,87.8,55079000303,55079000303,1949,.01102362205,.06234718826,.49448818898,.27244094488,.25260960334,.37884203002,.02565418163,.02411493073,.10393700787,.18110236221,.145985401,.61532311501,.88473520249,17882.8501598,17180045.2582,-.0851781528629786,-.549066793770827,.650972438167947,-.862329653211676
 ,82,82,55079000302,98,77,.70858535562,138.303733238,62.6,108.667218972,73.2,55079000302,55079000302,3233,.02837573386,.07167955025,.40704500979,.27690802348,.41333333333,.24755244755,.04144757191,.04608722549,.08512720157,.22602739726,.220011056,.4350777136,.67933935806,19182.322258,19754146.9588,-.323982815417722,-.521796312622349,-.458170460646155,-.780710952637543
 ,83,83,55079009400,10,32,.23324025814,42.874245123,44,137.197584394,58,55079009400,55079009400,2574,.03408146301,.08221680877,.59684123026,.40232751455,.35641891892,.16505791506,.02136752137,.05633255633,.02992518703,.04571903574,.542737284,.28466815064,.81335952849,10235.7749781,6502339.20221,-1.00332670080754,-.848320810084187,.490489056724553,-.260120906999049
 ,84,84,55079090100,0,0,.00425095967,0,81,0,151.5,55079090100,55079090100,4388,.01780895845,.11822429907,.63626551538,.40420939018,.07181328546,.38056238056,.05332725615,.02096627165,.03237992445,.11980572045,.440047253,.2636189151,.86888273315,6934.34957151,118509.480069,-.70265616662339,-.619098143589381,.935717619395644,.572493425372839
 ,85,85,55079012600,17,27,.30278536069,56.1453828596,12.8333333,89.1720786594,17.8333333,55079012600,55079012600,2432,0,.10562414266,.54140127389,.26205641492,.18105263158,.25177304965,.03495065789,.06332236842,.02820746133,.09372156506,.393378227,.1735322482,.87063227953,20792.6445261,8441137.63361,-.94708806717732,-.376167457004042,.34908007469004,-.150563319235384
 ,86,86,55079002400,139,101,.44780757556,310.4011803,128.5555556,225.543303671,111.7777778,55079002400,55079002400,2480,.08333333333,.09639830508,.34333333333,.09777777778,.34220532319,.38114285714,.07782258065,.02258064516,.07111111111,.36777777778,.074616922,.28062483741,.7875,17889.482283,12484108.7762,.673846859010544,-.26781159548178,-.258380390487589,-.30625018007602
 ,87,87,55079021800,12,13,.33660138571,35.6504771201,23,38.6213502135,50,55079021800,55079021800,2506,.04467353952,.09720885467,.53493699886,.32073310424,.27480916031,.40572916667,.16400638468,.22905027933,.07903780069,.18213058419,.171411625,.38039304233,.89698189135,14919.1974218,9383870.53464,.0132475724007685,.513823390853689,.902016046168556,-.136167084203021
 ,88,88,55079017300,76,129,.19728320812,385.232989288,62.2857143,653.882310765,81.2857143,55079017300,55079017300,4087,.01881467545,.1444002274,.50799623706,.21072436501,.38128654971,.29816672432,.34499632983,.80817225349,.04139228598,.33207902164,.051125704,.58301019381,.86109738013,9957.75727718,5499918.18876,-.354828951459412,3.16033173896899,.164885290549613,.00763380745007972
 ,89,89,55079014700,49,26,.10404382496,470.955388438,51.6,249.894695906,45.2,55079014700,55079014700,3151,0,.08811354228,.04151838671,.03677342823,.86274509804,.39965694683,.09869882577,.09489051095,.04744958482,.69632265718,.381418093,.45874139284,.5533887468,7683.51703401,2900563.76718,.805144349635399,-.0669644345252093,-2.03898133118719,.179950758625909
 ,90,90,55079004000,83,92,.24863324812,333.825023921,101.5714286,370.022918082,104.5714286,55079004000,55079004000,2623,.07115384615,.21380090498,.2625,.08269230769,.53071895425,.40121212121,.03240564239,.01067479985,.09615384615,.32019230769,.138413686,.26075644803,.85928261726,10562.8677719,6931469.41741,1.17188167207688,-.504743381182751,-.132385259123217,1.4729114840962
 ,91,91,55079019600,22,34,.50311368267,43.7276916881,23.6,67.5791598816,31.2,55079019600,55079019600,3492,.02293064877,.09494001043,.51006711409,.27684563758,.12351543943,.33803289694,.06071019473,.09793814433,.04642058166,.12975391499,.232351898,.2283762821,.89371560961,15897.135338,14025948.3853,-.52843704263184,-.162951562038609,.570952866450192,-.295774118765582
 ,92,92,55079016600,98,89,.24650875423,397.551804223,81.8,361.041944651,84.4,55079016600,55079016600,1879,.03191489362,.15805946792,.18237082067,.13829787234,.37609329446,.46912704045,.13996806812,.50984566259,.26747720365,.43617021277,.081455806,.68934196368,.80906666667,10877.3432132,6872242.16393,1.2171379656586,1.12856893261546,-.421730504049896,.901389302667917
 ,93,93,55079016500,81,76,.47113792001,171.9241788,92.5714286,161.311575171,122.2857143,55079016500,55079016500,2131,.04761904762,.1875,.29343629344,.0990990991,.23232323232,.39030779306,.21820741436,.75598310652,.1184041184,.4157014157,.083472454,.5677151724,.88127639606,22121.5018364,13134518.8493,.467394915456584,2.33888390314354,-.265347436923722,1.06780754765326
 ,94,94,55079005300,19,53,.25893522158,73.3774257683,50.4,204.684398196,76.6,55079005300,55079005300,2050,0,.04440333025,.62795941375,.25930101466,.29124236253,.25966494845,.00195121951,.04390243902,.03269447576,.11048478016,.329359165,.58106983938,.84744094488,10748.0539013,7218670.80547,-.833128220505071,-.665954614918165,.575589996798588,-1.27532201936072
 ,95,95,55079002000,123,95,.41638028083,295.403038191,115.375,228.156818115,100.75,55079002000,55079002000,2534,.11380400422,.12313803376,.41095890411,.10748155954,.40558292282,.39456131349,.01854775059,.01183898974,.1822971549,.31717597471,.115281501,.2679389817,.72011195522,14096.9275311,11607969.5876,1.25302142305391,-.903756026499125,-.125748419342309,.138065778199015
 ,96,96,55079001100,76,93,1.22514585634,62.0334302293,130.2857143,75.9093290964,119.2857143,55079001100,55079001100,2317,.01846452867,.1570327553,.34499514091,.10204081633,.34923339012,.39267886855,.01208459215,.01769529564,.1195335277,.25753158406,.197377049,.34020559603,.88990030342,28282.4086105,34154969.6166,.506048224679115,-.51152121534742,.0675826875380214,.59602339202108
 ,97,97,55079004300,171,169,.76341170602,223.994469368,121.625,221.374651013,104.5,55079004300,55079004300,4620,.04475308642,.14960629921,.46810699588,.08744855967,.47786885246,.4288582903,.00692640693,.01298701299,.07304526749,.23251028807,.175733715,.13673816083,.68603376452,24577.1528452,21282611.7717,.53752679665103,-.745429872625423,-.20686214598678,.243841930840601
 ,98,98,55079002300,147,122,.70974338847,207.117110758,95.4,171.89311233,82.8,55079002300,55079002300,4015,.0295202952,.12426900585,.4901599016,.09102091021,.42489270386,.39511067063,.01693648817,.05877957659,.15067650677,.29089790898,.117483074,.201924725,.85207396302,21671.9635515,19786430.9326,.731960426534121,-.476835602471507,.332141280989612,-.136087221412218
 ,99,99,55079002200,33,29,.43911129404,75.1517905544,110.6,66.0424826084,93.8,55079002200,55079002200,1956,.05940594059,.06341463415,.56152758133,.20226308345,.33975903615,.35621139327,.09355828221,.13854805726,.07779349364,.32673267327,.169505963,.53323578858,.81989528796,31229.7576188,12241671.3315,.25004510512909,-.0478470167725832,.425717250320927,-.778549035026719
 ,100,100,55079007400,11,14,.35258539056,31.1981162421,21.5,39.7066933991,69.5,55079007400,55079007400,4055,0,.04375,.678,.594,.03703703704,.49417249417,.03748458693,.05376078915,.08,.202,.778337531,.3359103328,.46184243023,13010.0241642,9829477.23292,-1.09598784025917,-1.29338735112884,-.0237226336931129,.418103706578982
 ,101,101,55079007300,27,71,.26992507379,100.027758153,20.1666667,263.035956625,69.6666667,55079007300,55079007300,2789,.01439539347,.05327675625,.34644913628,.23608445298,.04438642298,.17099406528,.02330584439,.00788813195,.00863723608,.36564299424,.716145833,.40532988212,.66618859806,13228.4547493,7525049.07575,-1.29654614991752,-.751665960245949,-1.26365226604299,-.00924254330719405
 ,102,102,55079120201,0,0,3.499E-008,0,12,0,18,55079120201,55079120201,3690,.00550660793,.11676300578,.50110132159,.25660792952,.08495145631,.4323473883,.06720867209,.05555555556,.01927312775,.12610132159,.235909551,.22344702227,.90931574608,13.4400855695,.97543683718,-.482333691974485,-.157955876004137,.670661927253429,.127239819508453
 ,103,103,55079019700,35,39,.72700159064,48.142948311,21.5,53.6449995465,30.25,55079019700,55079019700,5505,.01266395296,.0629324547,.59158751696,.37268204432,.08421797594,.32308698496,.13823796549,.18074477748,.03392130258,.08005427408,.248686515,.20492845658,.88794378698,18647.0726971,20267560.0713,-.976497502909638,.371134942985164,.82747551508238,-.736529903110343
 ,104,104,55079185100,0,0,.00383722908,0,9,0,26,55079185100,55079185100,4576,.02688860435,.08087649402,.43491250533,.24455825864,.07736943907,.37273823884,.08129370629,.10270979021,.04268032437,.15322236449,.398862713,.19610295736,.85240830756,4328.42760836,106975.379307,-.58036277208869,-.178124247682599,.219005056423158,-.0673072626478815
 ,105,105,55079020500,28,78,.1844126203,151.833426341,46.6,422.964544808,82.4,55079020500,55079020500,3079,.04325955734,.11393323658,.45171026157,.1398390342,.3338762215,.32762505633,.2536537837,.66839883079,.09456740443,.21629778672,.085249579,.40001134992,.8561461794,9180.05637851,5141108.2285,-.0821766681990763,2.20518559698207,.161279913447001,-.414729301593666
 ,106,106,55079019200,19,30,.5512488613,34.4671913789,23.1666667,54.4218811246,42.8333333,55079019200,55079019200,3143,.03806734993,.09581646424,.69180087848,.27306002928,.21703296703,.36064908722,.06140629971,.25676105632,.04538799414,.13250366032,.242464539,.32441914718,.92377260982,19623.0627602,15367874.7813,-.301343720625353,.0732084350377234,1.18783682098294,-.405787267951023
 ,107,107,55079018800,23,38,.36005905644,63.8784099131,69.3333333,105.538242465,91.5,55079018800,55079018800,2178,.08108108108,.12,.52195945946,.1402027027,.30332681018,.3903293623,.30991735537,.79522497704,.17060810811,.3445945946,.052293578,.33976124885,.85624698505,12638.0987909,10037830.2462,.604237118980104,2.61222518822804,.426004537242604,-.0607854502979559
 ,108,108,55079185200,0,0,.00224080407,0,18.5,0,34,55079185200,55079185200,4956,.05645851155,.10622974433,.53378956373,.24379811805,.17064846416,.3217270195,.04257465698,.14245359161,.09024807528,.09623609923,.222103004,.21369557351,.83381147541,4848.84167125,62469.782426,-.223299865706323,-.307435076591283,.475524764181567,-.237615848282217
 ,109,109,55079090900,0,0,.00146996455,0,16.25,0,31.25,55079090900,55079090900,3914,.0149970006,.12402765774,.51409718056,.48170365927,.071197411,.26877106957,.03321410322,.02529381707,.00899820036,.06958608278,.566554054,.25113509697,.80534841862,4009.48436501,40980.0958045,-1.2435919683925,-.769560892049364,.338640900586794,.815826685634641
 ,110,110,55079002700,72,51,.26498687259,271.711573088,110.4285714,192.462364271,100.2857143,55079002700,55079002700,2153,.05882352941,.19541984733,.24213406293,.16279069767,.3445945946,.47855227882,.07942405945,0,.16689466484,.36114911081,.082926829,.13022842213,.71252371917,10895.4370729,7387380.47832,1.10367665556672,-.363967883395231,-.537783387018381,1.43506539279537
 ,111,111,55079002600,146,118,.26979430592,541.15300729,107.8333333,437.370238769,91.6666667,55079002600,55079002600,2867,.00692383778,.06444906445,.35707220574,.11770524233,.47361299053,.44288577154,.00244157656,.02023020579,.18892185954,.353115727,.133289125,.10832088659,.68552354181,11648.4089615,7521403.49156,.711646507200167,-.76377383190431,-.431920744654703,-.819401411917339
 ,112,112,55079005100,132,130,.93320018478,141.448750389,67.125,139.305587505,97,55079005100,55079005100,3491,.04598405886,.13366336634,.30288166769,.11036174126,.20425029516,.32129697863,.06932111143,.02578057863,.16431637032,.33844267321,.101195559,.34446542203,.7507877399,20710.2506381,26016023.9636,.399351533340358,-.194254724386486,-.670889217735211,.213191567396456
 ,113,113,55079000301,4,7,.76725408134,5.2133968359,59.8,9.12344446283,80.6,55079000301,55079000301,1462,0,.07491082045,.90361445783,.39909638554,.11989795918,.31811145511,.05335157319,.01778385773,.03162650602,.02861445783,.285950413,.26054577336,.88312586445,21869.6874077,21389730.6193,-1.03242160157182,-.516840842481147,1.57092880882241,-.825544397052501
 ,114,114,55079110100,0,0,.02176253454,0,45.2,0,84.2,55079110100,55079110100,4200,.04162436548,.10474791973,.41015228426,.19796954315,.27812113721,.34124194493,.12952380952,.29857142857,.06903553299,.2614213198,.195905401,.46106547619,.77959183673,12355.3394086,606702.216159,-.119609893339411,.6105003635783,-.151313893141338,-.166009057533558
 ,115,115,55079017200,29,42,.18089445376,160.314478404,48.1666667,232.179589412,81.5,55079017200,55079017200,2945,.04916067146,.11041852182,.54556354916,.16666666667,.22585227273,.38085327784,.31918505942,.77521222411,.08273381295,.2170263789,.102092581,.53893756792,.94591801585,11201.8932382,5043027.76675,-.109227981117203,2.76872591982127,.756840150102826,-.288525137652483
 ,116,116,55079017100,41,77,.24939784349,164.395968408,59.6666667,308.743647987,82.3333333,55079017100,55079017100,2897,.01149425287,.08152173913,.60574712644,.1724137931,.3125884017,.3290513834,.35692095271,.76872626855,.09310344828,.1724137931,.088235294,.58027199885,.96970764354,12732.0388992,6952785.02792,-.437817997611625,3.04516141054163,.903871746223054,-.984876146592414
 ,117,117,55079002800,111,70,.25379551675,437.359971617,112,275.812594713,96.5714286,55079002800,55079002800,2294,.10447761194,.08547008547,.27487562189,.15547263682,.44134078212,.42169408897,.04054054054,.04272013949,.19651741294,.32960199005,.049268668,.31677078828,.7655904467,10674.1848892,7075384.63148,1.33367282563155,-.701639740085982,-.124206516186771,-.31020268550957
 ,118,118,55079001700,144,162,.51121912282,281.67960386,101.2857143,316.889554342,122.8571429,55079001700,55079001700,4607,.06878306878,.01111111111,.38506760729,.18518518518,.4725,.33084344849,.04471456479,.0334273931,.10934744268,.21105232216,.131646498,.43690048208,.77655354782,16691.722176,14251914.1838,.345508940786618,-.645281202659716,.0539776750601299,-1.69105701663635
 ,119,119,55079001400,99,70,.4290065529,230.765705863,118,163.167670812,130.8,55079001400,55079001400,2360,.06321112516,.09744094488,.23008849558,.23261694058,.34315789474,.33961117862,.12288135593,.02542372881,.1201011378,.27812895069,.139191291,.56065229101,.77696605071,15268.7890326,11959968.4428,.362240732881635,-.116552720021974,-.407011121507785,-.0490635783423336
 ,120,120,55079000502,162,126,.68846144059,235.307296022,87.3333333,183.016785795,108,55079000502,55079000502,4934,.04651162791,.05882352941,.24827152734,.10370835952,.45872420263,.31574158326,.07742197,.05958654236,.10622250157,.32181018228,.12633452,.46924055005,.76004077472,20189.6894881,19193126.65,.366762669881454,-.178163603351085,-.628580019442745,-.953157664932366
 ,121,121,55079120202,0,0,.01908326532,0,16,0,27,55079120202,55079120202,3062,.01817042607,.125,.52318295739,.24937343358,.18376068376,.33935289691,.08295231875,.16263879817,.01378446115,.11967418546,.234219269,.24820965451,.90101940151,3937.71577785,532008.775902,-.563563131635768,.165638022268787,.573244630668021,.0345954210272354
 ,122,122,55079004100,109,106,.55669280909,195.799188025,116.875,190.410219547,97.125,55079004100,55079004100,2641,.02713567839,.10689310689,.42010050251,.12663316583,.39301972686,.35920679887,.00265051117,.0265051117,.09447236181,.26331658291,.196797865,.27942383533,.75920899574,19592.8878684,15519642.7283,.240070709411569,-.661733749589712,-.195078591978258,-.287660002626459
 ,123,123,55079091400,0,0,.00070089749,0,16,0,32,55079091400,55079091400,2297,.00962566845,.11777944486,.62352941176,.54545454546,.07779578606,.25815217391,.04614714845,.0365694384,.01711229947,.02139037433,.554606467,.23583732184,.91747572816,1498.24333146,19539.8222914,-1.28142913642386,-.686282336694729,1.08182252392296,.678162423354858
 ,124,124,55079006100,112,91,.20094222521,557.374140174,137.4285714,452.866488892,119.8571429,55079006100,55079006100,2276,.14164305949,.12056737589,.37393767705,.19263456091,.40918580376,.48,.02680140598,.01537785589,.18130311615,.38101983003,.222506394,.23692457554,.85422222222,9534.56763771,5601925.32278,1.74407095278842,-1.0720936840686,.530537993594541,.782082927724356
 ,125,125,55079012500,15,37,.70185655942,21.3718883136,34.8571429,52.7173245069,46.8571429,55079012500,55079012500,2141,.01230769231,.09640522876,.56820512821,.41846153846,.14869281046,.26383981154,.01541335824,.04530593181,.01538461538,.08102564103,.482780213,.26793780205,.88758782201,20302.4383748,19566559.637,-1.03897116679154,-.731845551254492,.715866928787164,.116610529867797
 ,126,126,55079000304,26,68,1.29659606358,20.0525057343,96.625,52.4450149974,99,55079000304,55079000304,3278,.0197309417,.06111111111,.88251121076,.48968609866,.08,.3889105818,.09304453935,.05887736425,.066367713,.06816143498,.348805768,.65314755757,.91131782946,32216.2113348,36146879.1065,-.737815902413472,-.442937562872141,1.8775628193364,-.50457280876375
 ,127,127,55079005000,104,112,.44039024777,236.154184901,95.7142857,254.319891432,108,55079005000,55079005000,5256,.03568075117,.10553633218,.45774647887,.2220657277,.30939716312,.3388085315,.03710045662,.04090563166,.04788732394,.15211267606,.271973957,.48362348517,.88181818182,16058.6532904,12277326.3724,-.133339881737983,-.49582354360772,.430620624389049,-.116864586056918
 ,128,128,55079001600,86,94,.50888525809,168.996838941,118.7142857,184.717475121,135.7142857,55079001600,55079001600,2973,.04132231405,.10095497954,.4152892562,.16632231405,.4347133758,.22718351325,.03498150017,.06256306761,.11053719008,.26342975207,.083730429,.39694406289,.82605729877,16023.7613171,14186850.0296,.164331940752727,-.305742870562783,-.0882464450423936,-.66581160966606
 ,129,129,55079017000,124,160,.27243247733,455.158655142,79.625,587.301490506,97.875,55079017000,55079017000,5958,.05014409222,.13259668508,.41729106628,.10893371758,.28972712681,.40845783743,.1973816717,.65441423296,.12391930836,.38731988473,.069580731,.63765731836,.83725257994,11232.9743789,7594951.19519,.481298382200079,1.86753854542467,.00697038901410196,.132497588259966
 ,130,130,55079020200,27,50,.36669551654,73.6305702743,38.6,136.352907915,85,55079020200,55079020200,3535,.00905349794,.062539482,.74897119342,.26255144033,.20224719101,.30981963928,.19575671853,.32729844413,.01481481481,.11111111111,.177737882,.35120606423,.79560566638,12999.0956462,10222843.3955,-1.00853033192375,1.07713413328234,.688860043910566,-1.25264391855687
 ,131,131,55079021300,16,21,.4887763213,32.7348099793,33.1666667,42.9644380978,72.8333333,55079021300,55079021300,1699,.01417525773,.125,.35180412371,.15979381443,.14545454546,.47186440678,.13184226015,.19835197175,.02319587629,.10051546392,.174835406,.42242970192,.86286050618,15602.9418158,13626247.2886,-.307474679891422,.549758580625769,.170286921823446,.131387977823526
 ,132,132,55079018900,11,42,.23938186796,45.9516842007,51,175.45188513,101.8333333,55079018900,55079018900,1983,.01420959147,.1388261851,.59680284192,.36234458259,.11835748792,.24754901961,.31064044377,.67221381745,.02131438721,.1918294849,.159069767,.10073115175,.9243570348,13141.7693586,6673556.77274,-1.07310780766429,2.61663118412567,.655597099190768,.161409488812989
 ,133,133,55079185500,115,80,.34122289376,337.023107487,66.5,234.450857382,55.875,55079185500,55079185500,1790,.06310679612,.12248628885,.2427184466,.09708737864,.51960784314,.40333919156,.00837988827,.00446927374,.17961165049,.43851132686,.096982759,.05393308573,.69671201814,13478.4500065,9512710.26915,1.24389380002389,-.787098079123911,-.717067993736593,.177067752534953
 ,134,134,55079186000,61,44,.22487688087,271.259543283,56,195.662621385,61.2,55079186000,55079186000,1550,.02342786683,.06345733042,.11097410604,.07151664612,.4214559387,.53666146646,.00322580645,.03483870968,.20715166461,.46485819975,.152896486,.32254734651,.73324658426,11020.3025097,6269182.55808,1.24882946817906,-.743030028361833,-.772689429660788,-.307885753569835
 ,135,135,55079007800,41,126,.25103896869,163.321257308,23.1428571,501.914107824,78.5714286,55079007800,55079007800,3608,.01314828342,.11880804954,.23301680058,.27100073046,.0390625,.2253440367,.12444567628,.08841463415,.04821037253,.40978816655,.517491749,.38470273929,.52457650653,11388.2934652,6998536.78968,-1.05993575269457,.0667437519992732,-1.91839755282985,.831517772791387
 ,136,136,55079010700,46,112,.23645119785,194.543315565,26.625,473.670681375,68,55079010700,55079010700,2505,0,.12711402073,.44384057971,.41576086957,.1138952164,.12661737523,.03952095808,.16407185629,.02173913043,.07699275362,.552766686,.44909749364,.76537216828,11823.9227957,6591854.70594,-1.60649971407443,-.249862679620008,-.325949544281685,.497498708338241
 ,137,137,55079014100,41,63,.25675554983,159.684961151,54.8333333,245.369574452,84.5,55079014100,55079014100,1562,.07962213225,.19444444444,.01349527665,.0310391363,.70105820106,.39946619217,.02752880922,.06402048656,.09176788124,.47233468286,.159259259,.35100891696,.8457106274,12147.6295134,7157905.28775,1.58459794829097,-.417718852619151,-.818217710723267,1.4517027269706
 ,138,138,55079021100,9,28,.24799178417,36.2915248595,19.5,112.906966229,48,55079021100,55079021100,1405,.02985074627,.06578947368,.63847429519,.30182421227,.184,.31898066784,.06832740214,.1537366548,.06135986733,.06301824212,.297376093,.24110636897,.90981240981,10532.0295841,6913586.50037,-.595829577584009,-.166094080476255,1.0213945075333,-.766091777669632
 ,139,139,55079021400,41,64,.49531425152,82.7757325261,16.4,129.210899553,29,55079021400,55079021400,3646,.01976005646,.05283018868,.27311220889,.16725476358,.27578215527,.38410104012,.10806363138,.33543609435,.09174311927,.29992942837,.124944617,.56497423216,.84743875278,15684.0492197,13808513.5935,.0040758204754648,.685397978535765,-.19159791974969,-.913679828659275
 ,140,140,55079021600,36,74,1.42851308133,25.2010292874,24.8,51.8021157574,46.2,55079021600,55079021600,4933,.02333931777,.03114676734,.69180131658,.30101735488,.16191275168,.39201500536,.27934319886,.22947496452,.07719928187,.20825852783,.159898477,.32416998771,.82652849741,25392.9069332,39824499.783,-.514943405841389,1.1676806121647,.849499201559195,-1.2354979628466
 ,141,141,55079009800,92,75,.16992983026,541.399940547,125.1666667,441.358647185,78.5,55079009800,55079009800,1532,.1554192229,.07058823529,.31288343558,.0327198364,.40264026403,.47996183206,.06723237598,.01109660574,.20654396728,.52147239264,.05788712,.32950195652,.85049833887,11153.8104161,4737352.82983,2.12430779875202,-.694267429681468,.142902719635601,-.203223065334594
 ,142,142,55079002100,134,115,.34674501207,386.451124988,115,331.655816221,95.6,55079002100,55079002100,2154,.02378378378,.13986928105,.2854054054,.07891891892,.50241545894,.39200515796,.01439182916,.02831940576,.16,.34378378378,.066270178,.18268941461,.81557572862,12593.5962831,9666657.47657,.921020851707069,-.476229135638569,-.285073928260103,.14504680155647
 ,143,143,55079000501,80,161,1.56191933365,51.2190343486,64,103.078306627,71.1111111,55079000501,55079000501,3844,.03364352183,.07774390244,.51324266285,.2125984252,.36060279871,.27023271969,.04994797086,.07804370447,.05082319256,.14244810308,.151385928,.60140551758,.83595387841,35741.9917797,43543637.7706,-.30951596571748,-.263005354822502,.318340879861019,-.972366050660418
 ,144,144,55079006500,107,102,.19375361891,552.2477495,132.2,526.441779897,97.4,55079006500,55079006500,2109,.12960436562,.10865191147,.3587994543,.09276944065,.47795823666,.56589147287,.04125177809,.01137980085,.25920873124,.46248294679,.109348915,.13815117805,.76588628763,9840.94955884,5401519.28257,2.28570877963071,-.986844173037435,.219629707857406,.448073739864213
 ,145,145,55079010800,30,103,.12533017245,239.367738934,22.8,821.829237006,84.6,55079010800,55079010800,2598,.02415458937,.19047619048,.1884057971,.29054520359,.04694835681,.15696993362,.06697459584,.04426481909,.04692891649,.17805383023,.685347344,.28693787072,.63933795227,9347.23664718,3493990.70324,-1.2272106684704,-.409535812247741,-1.57438326684763,1.95828980133477
 ,146,146,55079001200,148,100,.47313518138,312.807007012,112.8,211.356085819,120,55079001200,55079001200,3224,.09509202454,.05009823183,.1717791411,.15848670757,.5295735901,.38881053126,.10142679901,.01302729529,.19222903886,.38752556237,.051655629,.46560631646,.75605917532,15165.5141077,13190199.078,1.2681607896544,-.420188239957828,-.458428728713307,-.738886780150452
 ,147,147,55079021000,9,17,.49549500413,18.1636543761,25,34.3091249326,49.8,55079021000,55079021000,2293,.00334821429,.1167192429,.80691964286,.33816964286,.20070422535,.27892234548,.06759703445,.16964675098,.06919642857,.11495535714,.299651568,.23857322643,.93651488617,15895.7114091,13813552.6669,-.683525154739773,-.0241090932359,1.34978445686476,-.167367316473765
 ,148,148,55079011100,51,71,.0957191423,532.808785921,25,741.753407851,85.2,55079011100,55079011100,1547,.01500535906,.15177065767,.15648445874,.30975348339,.02487562189,.1812749004,.12605042017,.02844214609,.03001071811,.25616291533,.671846435,.25723536891,.56002595717,7344.58285064,2668485.86243,-1.38795816155281,-.136104125509725,-1.93660944667191,1.52211582970271
 ,149,149,55079000400,45,55,.93005016797,48.3844867188,80,59.1365948785,161,55079000400,55079000400,2527,.04188481675,.05258764608,.20942408377,.06631762653,.50457038391,.31984260821,.04946576969,.05263157895,.13961605585,.22687609075,.174515235,.57532319333,.85428342674,20917.7580354,25928206.8863,.49805373521338,-.373850235763261,-.321824343798786,-1.04754268133378
 ,150,150,55079020600,23,55,.51205849617,44.9167432471,15.2,107.409603417,46.8,55079020600,55079020600,3695,.03431372549,.06611165524,.61642156863,.30882352941,.19457013575,.25353502138,.03355886333,.14722598106,.01899509804,.09865196078,.279770445,.23520025782,.89547710976,15952.0884546,14275314.4764,-.781277301599384,-.284924571679409,.785839766646807,-.875111382866017
 ,151,151,55079185600,63,77,.26101182755,241.36837243,60.1428571,295.005788526,51.5714286,55079185600,55079185600,1628,.06511627907,.13517665131,.28527131783,.2015503876,.2,.3898858075,.01351351351,.04238329238,.11937984496,.33178294574,.305751766,.49449589192,.84872907626,10608.7432496,7276563.02578,.529324200210191,-.70605651140776,-.116434897743081,.889758921304996
 ,152,152,55079185700,84,70,.25834748435,325.143479566,70.8571429,270.952899638,59.4285714,55079185700,55079185700,2037,.20948616601,.13067150635,.25559947299,.06455862978,.53623188406,.38660578387,.02160039273,.04320078547,.08959156785,.47694334651,.103410341,.3039585055,.73749355338,10740.3576233,7202285.69766,1.96227973565587,-.961031262949258,-.401737716699896,.57578998911342
 ,153,153,55079006000,106,94,.15993417537,662.772667289,98.8571429,587.741799294,109.7142857,55079006000,55079006000,2543,.06434023991,.10570071259,.27917121047,.02071973828,.41186440678,.42288278183,.02477388911,.05662603225,.15485278081,.27808069793,.116471399,.20896591215,.71769947347,8674.3025366,4458691.07921,.892631114350174,-.55480848951151,-.568492944793266,-.2717099344955
 ,154,154,55079013400,110,73,.20726085903,530.732143618,81,352.213149855,81,55079013400,55079013400,2234,.05176211454,.14012738854,.17841409692,.10572687225,.52494061758,.47230864966,.09400179051,.15935541629,.1718061674,.43502202643,.049167927,.68598364657,.73899228325,10259.864256,5778078.01919,1.29850013968986,.082960271399135,-.619963449660644,.503996678805507
 ,155,155,55079012300,66,64,.29695540374,222.255595179,80.5,215.520577144,62.5,55079012300,55079012300,1031,.02676864245,.07068607069,.23709369025,.05162523901,.6815920398,.33161953727,.07080504365,.13870029098,.09751434034,.32122370937,.053156146,.4056122473,.78680203046,11823.8736779,8278608.41201,.604905056463978,.0612053675192402,-.532539615109283,-1.11087119910285
 ,156,156,55079012200,86,96,.19246794003,446.8276638,85.7142857,498.784368893,62.5714286,55079012200,55079012200,2082,.08040935673,.06158833063,.29239766082,.13157894737,.26351351351,.5,.21085494717,.04803073967,.19298245614,.45175438597,.117957746,.68947273229,.7897810219,9343.63176281,5365676.75587,1.14286721955666,.286044170456913,-.156990581448651,-.195704083988816
 ,157,157,55079006600,125,94,.36456004138,342.879048199,93.4,257.845044245,71.1,55079006600,55079006600,2546,.11940298508,0,.36854190586,.05740528129,.54054054054,.53404255319,.03770620581,.05066771406,.18025258324,.43053960964,.050036258,.12733295732,.787515006,14772.8040331,10163310.003,1.81692479034479,-.839256720035515,.285844999103104,-1.48870589813211
 ,158,158,55079006800,76,76,.22345964693,340.106149121,106.8333333,340.106149121,78,55079006800,55079006800,2386,.0699881376,.13554633472,.290628707,.07710557533,.48856548856,.47529150472,.02347024308,.02137468567,.20166073547,.38908659549,.080105056,.08501411208,.71836906263,15707.4128425,6229672.50127,1.46907409372658,-.723546532806854,-.389377437220147,.38200895532666
 ,159,159,55079000201,125,114,3.05213979697,40.9548737329,72,37.3508448444,73.6,55079000201,55079000201,5073,.05879208979,.13965517241,.17477284874,.1448423303,.52282515073,.31805248182,.13325448453,.18608318549,.09299839658,.37466595404,.132800609,.57250459087,.82188798733,42690.1306165,85088433.7502,.644776427762364,.438952142932583,-.575944919601093,.439248695901733
 ,160,160,55079003000,100,129,.50665127387,197.374417388,102.625,254.612998431,111,55079003000,55079003000,4298,.06913756237,.07635746606,.63720598717,.21810406272,.40338645418,.30905861457,.04397394137,.06072591903,.05559515324,.17747683535,.127632144,.4496582652,.85800531273,16157.6253936,14124570.3734,.140288795948808,-.484181833682655,.827703603079262,-.951061431398657
 ,161,161,55079000700,93,99,1.51256129212,61.4851117006,90.25,65.4518931006,111.5,55079000700,55079000700,3560,.00988002823,.10361445783,.56951305575,.22300635145,.28989037759,.38153310104,.075,.01685393258,.04304869442,.2067748765,.1950078,.54743711337,.83592205592,26514.9876912,42167620.0497,-.212922952311611,-.249324025715627,.497962547356683,-.30587858639753
 ,162,162,55079000800,135,123,1.17243748459,115.144732043,105.75,104.90964475,120.5,55079000800,55079000800,4844,.03187660668,.11402157165,.46735218509,.18406169666,.28910369069,.39679086212,.04438480595,.0485136251,.06889460154,.14344473008,.250416806,.53360977272,.82255354893,25014.0994194,32685550.4237,-.0120163341591825,-.457226851028201,.295050133155033,-.0283861649313506
 ,163,163,55079018700,55,65,.18904218971,290.94034557,65.4285714,343.838590219,87.1428571,55079018700,55079018700,3735,.02030008826,.08633093525,.2506619594,.09973521624,.35868331442,.35459286001,.17777777778,.63025435074,.17563989409,.45454545455,.030651341,.46455078682,.82040926225,9279.70928916,5270172.70007,.457949195165964,1.80474905566567,-.544517583215434,-.584162876819021
 ,164,164,55079017900,26,83,.23668671679,109.84984858,31.6,350.67451662,50.8,55079017900,55079017900,2885,.01291989664,.18649350649,.4173126615,.31330749354,.08347529813,.20290964778,.07348353553,.13968804159,.02971576227,.10788113695,.4775,.24798404465,.85097493036,12166.5532403,6598420.57066,-1.06718411599267,.0129700666796973,-.127459432622412,1.36468717934262
 ,165,165,55079019800,31,50,.79539524253,38.9743341959,27.3333333,62.8618293482,46.1666667,55079019800,55079019800,5707,.02021089631,.11564371258,.58787346221,.32205623902,.21799080762,.36696428571,.09269318381,.26265989136,.04657293497,.14850615114,.164268585,.37167277011,.89570007107,21763.9759331,22174258.029,-.379964196458811,.361918322975753,.882086506329427,-.128210834258426
 ,166,166,55079004500,127,71,.2651510903,478.972196029,113.8,267.771857623,125.4,55079004500,55079004500,2209,.03037974684,.14266304348,.28987341772,.11012658228,.32236842105,.45300181928,.08827523766,.10321412404,.17974683544,.48101265823,.050566038,.20684589833,.86112380082,10768.9030707,7391958.58688,1.08530147944578,.106669977227367,-.145412755434162,.580215390067687
 ,167,167,55079120300,0,1,.00873307173,0,25.5,114.507246798,46.5,55079120300,55079120300,2102,.01650943396,.0444015444,.83018867924,.35966981132,.17964071856,.30874147551,.0271170314,.20028544244,.02358490566,.09905660377,.293515358,.2681776044,.82236205228,10933.785323,243463.093058,-.935544884062315,-.314005255860664,1.1500659601276,-1.26957634029665
 ,168,168,55079013500,157,81,.09780686459,1605.20430402,77,828.162730099,64.3333333,55079013500,55079013500,2082,.06461232604,.18050065876,.06858846918,.09343936382,.6706231454,.43552631579,.06051873199,.13640730067,.18389662028,.49105367793,.152613828,.52015537783,.82307319438,8095.35291851,2726687.98661,1.7246613972231,-.195468658605453,-.630696882516484,1.37447481956534
 ,169,169,55079090700,0,0,.00530858409,0,4,0,18.5,55079090700,55079090700,3278,.01003861004,.15751525236,.82239382239,.68648648649,.09711846318,.21739130435,.0375228798,.03111653447,.00694980695,.04787644788,.799363057,.0750880107,.93225101467,7978.95712475,147994.23868,-1.46049375680902,-.990276097358571,1.61362627330506,1.71753642162733
 ,170,170,55079014900,84,73,.13768241098,610.099717174,85.8333333,530.205706592,70.8333333,55079014900,55079014900,1440,.06145251397,.04380664653,.03212290503,.01117318436,.18055555556,.40905349794,.09166666667,.17013888889,.13547486034,.6187150838,.203100775,.59328366126,.59791666667,9600.82291461,3838349.97239,.617898810474177,.12790859675908,-1.95982248256531,-.446375942015147
 ,171,171,55079021700,46,100,4.8982012135,9.39120260581,14.8333333,20.4156578387,28.3333333,55079021700,55079021700,6473,.02366863905,.07951653944,.71978021978,.39095519865,.17866161616,.39151032784,.08821257531,.19419125599,.11411665258,.10693153001,.231592466,.20029060331,.90671005734,61353.3145579,136553466.477,-.287232014768487,-.0500874173164944,1.42614805877122,-.459735690769276
 ,172,172,55079014300,14,53,.09697745913,144.363444102,28.4285714,546.51875267,91.5714286,55079014300,55079014300,2432,.01488833747,.17134986226,.22394540943,.38957816377,0,.20263381478,.11184210526,.05674342105,.02667493797,.14888337469,.68238691,.33001337025,.74637380854,7455.28439957,2703565.58193,-1.35004990657193,-.16234230615539,-.924471244846525,1.87456714812884
 ,173,173,55079009200,70,85,.15747465909,444.515964701,73.7142857,539.769385708,82.5714286,55079009200,55079009200,1865,.03533026114,.09564164649,.37634408602,.21044546851,.32653061225,.33676975945,.01930294906,.10134048257,.16743471582,.25499231951,.180098684,.56239202467,.73404825737,8591.70168917,4390123.97478,.26525799006987,-.518964686136048,-.27141026345053,-.309290543115172
 ,174,174,55079009600,129,63,.39752165062,324.510626774,80.75,158.481934006,73.5,55079009600,55079009600,2039,.05731523379,.06163328197,.3257918552,.05882352941,.67561521253,.4188034188,.0637567435,.17557626287,.20060331825,.34690799397,.0775428,.53479609604,.77145659637,13625.4470827,11082223.2543,1.29413591203521,-.193588733779899,-.118941573769855,-.979306241110821
 ,175,175,55079012800,25,33,1.04908351651,23.8303239033,1.75,31.4560275523,6.75,55079012800,55079012800,3091,.0311942959,.11508810573,.4991087344,.27807486631,.16604477612,.32532281205,.04691038499,.10805564542,.07130124777,.14527629234,.324931507,.30567616757,.6880286272,26935.7665627,29246652.9159,-.557107058507675,-.398844943711821,-.186219406728259,.0969431099774558
 ,176,176,55079003400,82,142,.78746602186,104.131477072,64.5,180.325240784,87.5,55079003400,55079003400,6164,.01255230126,.08212927757,.41688855078,.12894636744,.35861091425,.35437556974,.09182349124,.04753406879,.05439330544,.19817421073,.258894777,.57971068009,.89609748065,41039.5103962,21953204.9278,-.109474940841027,-.0706211365161322,.238964534851154,-.534111139804586
 ,177,177,55079019400,21,19,.50287205803,41.7601249952,23,37.7829702337,30.3333333,55079019400,55079019400,4036,.026067665,.09635666347,.43261231281,.28397115918,.2054631829,.3221680877,.06045589693,.13206144698,.06211869107,.1381031614,.240979808,.23437845319,.85348894959,16138.6237907,14019212.3038,-.435626986268329,-.139993610639486,.282830652513244,-.243902494190627
 ,178,178,55079020300,34,83,.56017350341,60.6954805846,30.25,148.168379074,63.375,55079020300,55079020300,4160,.00483091787,.11961722488,.69082125604,.29123533471,.23684210526,.31677631579,.18028846154,.47427884615,.00483091787,.12698412698,.166009464,.27607167622,.85565259583,15814.278902,15616678.5284,-.878416952447048,1.40205106479155,.779482744507078,-.380861657686476
 ,179,179,55079018000,25,65,1.2158699083,20.561410254,49.5714286,53.4596666603,77.8571429,55079018000,55079018000,2877,.02878179384,.09564293305,.33065595716,.29785809906,.16150442478,.22613458529,.04310045186,.1737921446,.046854083,.19344042838,.417417417,.22425493187,.77624602333,32564.3828278,33896372.0614,-.825433696590735,-.201141704396689,-.468164199664255,.057173522573644
 ,180,180,55079008400,69,50,.17629012782,391.40024943,89.1666667,283.623369152,70.1666667,55079008400,55079008400,1151,.09142857143,.18446601942,.21142857143,.11142857143,.58515283843,.40987983979,.01303214596,.01042571677,.16857142857,.51142857143,.034810127,.09419603397,.88049209139,8996.7142297,4914667.04001,1.86450247815904,-.668847030265307,-.11292122417927,1.21593004323262
 ,181,181,55079016200,78,85,.17908667509,435.543291884,93,474.630510387,114.4285714,55079016200,55079016200,3181,.01802757158,.11808422791,.43584305408,.17285259809,.13056379822,.393514461,.23168814838,.68248978309,.10922587487,.28419936373,.129681386,.52654717312,.93473416109,9153.54386102,4992629.9915,-.141919766558643,2.20176144602267,.370526274408967,.00833912121292101
 ,182,182,55079011200,15,56,.15840791776,94.6922364242,32.375,353.51768265,85.25,55079011200,55079011200,2298,.03969359331,.12612612613,.24094707521,.34401114206,.05019305019,.17615176152,.0726718886,.07571801567,.10445682451,.23955431755,.63572585,.3291479858,.66506340184,10471.1981937,4416141.62928,-.928902311685029,-.465788563482554,-1.18968348952993,1.12911741830165
 ,183,183,55079018200,5,23,.21574600233,23.175400452,15,106.606842079,31,55079018200,55079018200,1696,0,.15656565657,.67038413879,.48451053284,.11059907834,.24859550562,.02299528302,.0483490566,.02850061958,.04089219331,.607958732,.05530563034,.85739750446,12455.4930707,6014629.29211,-1.24275509730312,-.76194866085289,.829994992895935,1.15891479537442
 ,184,184,55079018100,11,24,.22163751364,49.6305874378,20.25,108.284918046,53.5,55079018100,55079018100,1663,.03348214286,.15384615385,.64955357143,.3984375,.11538461539,.28905712319,.04329524955,.0348767288,.03794642857,.04241071429,.470800288,.14869996012,.87973541792,10793.8063931,6178874.54376,-.785928367624819,-.651521526805534,.913491565114155,.928818278222112
 ,185,185,55079004600,115,89,.26390909206,435.756112467,128.5,337.237339214,103.3333333,55079004600,55079004600,2660,.05193578848,.07751091703,.37488196412,.11237016053,.36545454546,.46330724071,.00263157895,.00601503759,.17563739377,.388101983,.069397042,.07015405054,.82293233083,10881.514818,7357333.80166,1.10163946332553,-.780149300864047,.129281046536755,-.496275613526552
 ,186,186,55079003200,87,108,.31390359996,277.155152125,111,344.054671603,139.5,55079003200,55079003200,2810,.01780104712,.06098514464,.7057591623,.23560209424,.31634182909,.35532302093,.14911032028,.01672597865,.04921465969,.12146596859,.168614357,.51972049493,.92189179506,12527.1080143,8751095.11554,-.32152971214347,.0925762248965147,1.18530750819855,-1.10412362644101
 ,187,187,55079020100,66,108,.73406162689,89.9107071976,40.5714286,147.126611778,85.7142857,55079020100,55079020100,3785,.03576341128,.13157894737,.41196698762,.2090784044,.15668789809,.40026773762,.142668428,.46816380449,.08459422283,.17744154058,.188143269,.27939914388,.93025099075,18376.261499,20464381.7986,-.089984525709306,1.12129732669494,.487184218008655,.297081278291519
 ,188,188,55079015900,98,117,.18203386003,538.361379501,89,642.737565322,112.5,55079015900,55079015900,3609,.06264150943,.16156351792,.26037735849,.02264150943,.29051987768,.35670498084,.25297866445,.67885840953,.12377358491,.38641509434,.050182482,.64451337406,.84836527621,9157.41064619,5074792.46352,.517781734731576,2.34856932473474,-.52334564426649,.509871966186423
 ,189,189,55079019100,35,66,.59966629857,58.3657945817,27.3333333,110.06121264,62.5,55079019100,55079019100,3822,0,.07110352673,.49564634963,.3288680509,.2343387471,.38492597577,.1030873888,.3092621664,.02679169457,.21098459478,.313885648,.39784869388,.79199372056,28239.3730578,16717670.0651,-.679286670428741,.413959321261806,.264188015344397,-.431228670224758
 ,190,190,55079015800,113,98,.16548139172,682.856234337,111.5,592.21160146,122.3333333,55079015800,55079015800,2591,.04484304933,.14298245614,.2197309417,.10762331839,.34262948207,.30957336108,.31725202624,.67618680046,.07735426009,.36659192825,.039559014,.65140726271,.90198412698,8665.01439105,4613337.97684,.127476351100265,2.76065864540413,-.417027508745753,.247492376074041
 ,191,191,55079004200,161,122,.26628084693,604.624785649,146,458.162881051,121,55079004200,55079004200,3746,.04662379421,.03798586572,.34485530547,.11012861736,.49363867685,.38609715243,0,.00507207688,.17604501608,.42282958199,.06900103,.08431609841,.69234899329,14226.4572191,7423454.26827,.899268493508789,-.839134867488845,-.490743063628511,-1.25517897509819
 ,192,192,55079016700,131,125,.18769677099,697.934222909,112.8571429,665.967769952,100.2857143,55079016700,55079016700,3527,.04528650647,.14296187683,.18853974122,.10813308688,.54486133768,.37086092715,.38247802665,.7405727247,.10351201479,.40757855823,.049180328,.65761746096,.88850475367,9358.81638074,5232664.72882,.572583422708974,3.11910049567655,-.355826049885544,.385703277773921
 ,193,193,55079017600,88,86,.18206489921,483.344128296,93.6666667,472.359034471,90,55079017600,55079017600,2666,.05681818182,.09251101322,.29545454545,.03661616162,.3234375,.33960236432,.28019504876,.71530382596,.12626262626,.40782828283,.039875389,.61114425268,.8858342879,9184.84784599,5075657.78269,.404708401250732,2.54348165780345,-.295324604946256,-.528995077764896
 ,194,194,55079016800,154,134,.20313666583,758.110306531,129.6666667,659.654422566,124,55079016800,55079016800,3355,.02335456476,.12136325852,.32590233546,.10828025478,.35766423358,.37367915466,.31684053651,.76840536513,.12845010616,.43524416136,.022673031,.61361350921,.89409984871,9629.86349529,5663102.57148,.333356650835089,2.92121631313347,-.133395390616587,-.0669671289122801
 ,195,195,55079017500,126,122,.18864656146,667.91569919,90.875,646.7120262,90.875,55079017500,55079017500,3993,.05960784314,.17045454545,.37019607843,.11607843137,.37775202781,.36496350365,.25970448284,.70272977711,.14823529412,.37803921569,.053268765,.69237048883,.87448665298,9336.45235151,5259143.2618,.654814079689742,2.32052150062407,.0053360822922966,.671256946456692
 ,196,196,55079000102,69,84,2.51033313445,27.4863917673,111,33.4616943254,122.6666667,55079000102,55079000102,3666,.06765578635,.06346025384,.4646884273,.19050445104,.27405602923,.4812992126,.11620294599,.06164757229,.13709198813,.21483679525,.203182828,.58221871318,.75139664804,37062.941424,69983791.3105,.510200541386621,-.295426166431655,.276973442397511,-.497673399268103
 ,197,197,55079006200,183,102,.18147564137,1008.39979748,131,562.058903513,103.4285714,55079006200,55079006200,2624,.0319803198,.08239700375,.29766297663,.13038130381,.50946969697,.44035608309,.0068597561,.00952743902,.20049200492,.33210332103,.112654321,.11152433796,.81021044427,9120.18362209,5059230.2826,1.07433877813667,-.786834629496601,-.0316430364508074,-.442906821600549
 ,198,198,55079007600,24,83,.22350114513,107.382000149,20.5714286,371.362750514,80.2857143,55079007600,55079007600,3554,.01244813278,.08391304348,.21991701245,.41138114997,.07584269663,.3027200936,.09848058526,.039110861,.03023117961,.21398933017,.651414309,.23204849118,.67276308385,10214.7130729,6230829.40034,-1.14139247400743,-.44589814821112,-.923528894595021,.725211408073407
 ,199,199,55079011400,29,52,.21142385504,137.165221941,49.2222222,245.951432446,101.8888889,55079011400,55079011400,1446,.00911161731,.26530612245,.33940774487,.44988610478,.16742081448,.13021214338,.07123098202,.04495159059,.01025056948,.07858769932,.704156479,.33637649719,.76368676369,11613.6165125,5894135.22294,-1.34909253316872,-.383154944400629,-.599942335581848,2.98594759460788
 ,200,200,55079011000,25,82,.10738401956,232.809314659,22.3333333,763.614552081,71.8333333,55079011000,55079011000,2763,.01344215074,.14159292035,.132981277,.15170427268,0,.24357582338,.07889974665,.01483894318,.06577052328,.1718674988,.599044309,.32351995351,.70322113645,8251.71055009,2993682.67588,-.99375625610078,-.286916515241977,-1.48912158057313,1.10963812404312
 ,201,201,55079005400,37,84,.51720322775,71.5386099983,25.5,162.411979456,62,55079005400,55079005400,3701,.01990632319,.06460084034,.66042154567,.28629976581,.16541353383,.31562714188,.04593353148,.04971629289,.03278688525,.1387587822,.328286558,.4448471648,.87109160724,16075.6525874,14418740.7875,-.685029922597205,-.466829656492591,.805890484822904,-.723780475771669
 ,202,202,55079006300,150,113,.33611467595,446.276258468,139.7142857,336.194781379,101.2857143,55079006300,55079006300,2320,.0614379085,.05465288035,.23660130719,.05882352941,.34243697479,.452685422,.00431034483,.02629310345,.21699346405,.33464052288,.049411765,.1199580113,.73855633803,12336.6307329,9370301.8995,1.09691244380225,-.767504667816191,-.479986161895611,-.889679465339069
 ,203,203,55079008900,93,54,.23043800964,403.579253893,144.2857143,234.33634097,106.4285714,55079008900,55079008900,1058,.02702702703,.06734006734,.30630630631,.11411411411,.40721649485,.52602739726,.02741020794,.05198487713,.38738738739,.55555555556,.070977918,.31146258054,.60961538461,12062.5064251,6424217.31025,1.75989633317611,-.761755157796159,-.700872119652813,-.347395644561093
 ,204,204,55079004900,133,167,.38142396555,348.693349167,107.2857143,437.833002337,103,55079004900,55079004900,4396,.0123228589,.08944954128,.49414664202,.25569932224,.33785091965,.30034822983,.00887170155,.0550500455,.08009858287,.16019716574,.27144491,.47900099023,.87914636975,13317.4290438,10633447.3459,-.262016847993899,-.596325562247336,.472328551908415,-.455387702447634
 ,205,205,55079004800,209,174,.38401688672,544.246899621,125.625,453.105074326,102.5,55079004800,55079004800,4014,.06830985915,.08143074581,.38873239437,.05070422535,.36328502416,.46720757268,.01619332337,.01893373194,.1338028169,.32957746479,.070988921,.193889337,.79984932195,13364.4990246,10705733.5503,1.0121578780578,-.674817431660004,.049257551304484,-.579597418642568
 ,206,206,55079100400,0,0,9.5884E-007,0,7,0,26,55079100400,55079100400,2708,0,.06680440771,.41881638847,.29210925645,.29617304493,.32568807339,.01994091581,.16765140325,.09408194234,.16388467375,.249272551,.21693464193,.90460282108,942.235972594,26.7309189233,-.338166645750471,-.268751993971842,.466082096255421,-.692170879242804
 ,207,207,55079100700,0,0,3.2699E-007,0,25,0,33,55079100700,55079100700,3131,0,.05758513932,.86129568106,.36378737542,.11699507389,.3222267371,.05748961993,.14564037049,.05647840532,.06312292359,.217852408,.26796428213,.96603041087,1244.84673354,9.11588698849,-.84304129043274,-.127170634044725,1.73337643803167,-1.15639419125157
 ,208,208,55079020800,9,26,.34665614479,25.9623264585,13.25,75.0022764358,28.5,55079020800,55079020800,3329,.01153846154,.1669893514,.56666666667,.40961538462,.07319952775,.24078624079,.03274256533,.07359567438,.02884615385,.05641025641,.49668616,.25006909704,.78603807797,14688.9550156,9664180.00898,-1.18491614700504,-.531201381893587,.232919747440296,1.09181091344416
 ,209,209,55079020900,14,20,.39058501404,35.8436691032,14.4285714,51.205241576,37.2857143,55079020900,55079020900,2836,.00786026201,.08510638298,.73624454148,.32139737991,.21657754011,.25249320036,.03913963329,.16502115656,.02707423581,.11528384279,.36974359,.22291895854,.94428672818,14129.5200398,10888841.6986,-.864316540000271,-.206046321258944,1.15789864745149,-.533012845169788
 ,210,210,55079120502,0,0,.00024752902,0,12,0,13,55079120502,55079120502,5374,.01443220661,.19847651291,.55260159514,.27800987467,.22381756757,.4497930734,.12151097879,.09062151098,.03266236232,.11469806305,.297741777,.23761687896,.84319970026,869.808381801,6900.68552242,-.212951400743183,.0843313191797664,.636658758829059,1.40950999521817
 ,211,211,55079186500,80,167,.47694095153,167.735648916,92.6,350.148167111,125.8,55079186500,55079186500,1693,.08048780488,.13946587537,.30853658537,.17804878049,.33105802048,.28884325804,.20614294152,.50088600118,.04390243902,.31951219512,.277372263,.6243679457,.86591848789,16481.3742166,13296297.4362,.0723459054183994,1.43340816881069,-.211014246057657,.626086994490994
 ,212,212,55079186600,84,70,.39429372995,213.039147263,58.25,177.532622719,81.875,55079186600,55079186600,2266,.0462585034,.09005847953,.31428571429,.1306122449,.38563327032,.32577903683,.1293027361,.56310679612,.15238095238,.42176870748,.096747967,.47815280804,.84433085502,15231.045061,10992234.3506,.506377070024867,1.26658409865708,-.251828044246105,-.454953556445395
 ,213,213,55079185300,0,0,.00035576469,0,12.5,0,17,55079185300,55079185300,3701,.02338129496,.14152495886,.58693045564,.43405275779,.06881243063,.39171559035,.05755201297,.02350716023,.01858513189,.09292565947,.499267399,.26311429446,.80452164323,429.931258185,9918.11055771,-.785717332089277,-.671090037190152,.65764594929605,1.07237425153605
 ,214,214,55079186800,68,143,2.20324992127,30.8634982094,65.2142857,64.9041212345,94.7142857,55079186800,55079186800,1560,.01862464183,.22495274102,.04011461318,.0229226361,.27450980392,.50347490348,.24230769231,.44102564103,.20773638968,.4899713467,.060717571,.6896445595,.71316818774,46394.3741227,61422836.9051,1.01908792793174,1.78771598032275,-1.38799641152625,1.91368039554518
 ,215,215,55079018400,13,52,.28220893826,46.0651603735,33,184.260641494,64.1666667,55079018400,55079018400,1471,.02689873418,.13445378151,.56487341772,.4082278481,.09090909091,.25021496131,.07002039429,.10808973487,.02215189873,.13607594937,.350957156,.16529634109,.87238493724,12505.2485739,7867502.19343,-.911143945608924,-.171806149736262,.561459663193654,.516567014157124
 ,216,216,55079003700,51,65,.24528185669,207.924062092,108.4,265.001255607,129.8,55079003700,55079003700,2202,.00862998921,.08083333333,.61272923409,.23624595469,.30755395683,.25491297024,.03723887375,.01907356948,.09600862999,.2071197411,.22459893,.40114490089,.82470481381,10801.3027958,6838038.36037,-.378871975244741,-.472810182472004,.391101966848487,-.79607902017217
 ,217,217,55079011300,25,74,.18331596694,136.376554739,45.8571429,403.674602026,114,55079011300,55079011300,2052,.0067001675,.1541038526,.24958123953,.34254606365,0,.40302144249,.09892787524,.0477582846,.10887772194,.23283082077,.668236878,.30008117407,.69639376218,10154.3035997,5110535.40994,-.602371773897752,-.419105704255308,-.755432233616936,1.90941260585801
 ,218,218,55079020000,75,213,.54003348762,138.880276353,27.7142857,394.419984841,52.5714286,55079020000,55079020000,3493,.01337792642,.13949275362,.42608695652,.16989966555,.23625730994,.32176771366,.1700543945,.30890352133,.09230769231,.26688963211,.149344978,.46539883579,.8491391888,22549.1462474,15055209.3582,-.190594422225942,1.05951346438192,-.0420455338076878,.193802494678864
 ,219,219,55079120400,2,0,.01338996074,149.365635887,35,0,73.5,55079120400,55079120400,6810,.00511247444,.05440634741,.55180640764,.33333333333,.1145631068,.31851311953,.06314243759,.14933920705,.06850715746,.12474437628,.233069307,.26311164587,.85173733804,11124.9192881,373289.188284,-.792433271604175,-.0824733464865627,.559422405937741,-.934480452248063
 ,220,220,55079020700,23,48,.6838061368,33.6352640933,14,70.19533376,32.6666667,55079020700,55079020700,4321,.01658291457,.07600308642,.68140703518,.36180904523,.13729308666,.26566757493,.03725989354,.11663966674,.03417085427,.11708542714,.337609329,.19246870059,.87070376432,23776.3446367,19063344.7482,-.923732056605052,-.368848006882534,.8519917435372,-.573384113205376
 ,221,221,55079003800,71,84,.25427362281,279.226760582,111.125,330.352787167,121.625,55079003800,55079003800,2284,.09639830508,.0750695088,.40042372881,.15677966102,.34470989761,.34151785714,.01926444834,.07574430823,.05402542373,.27118644068,.205980066,.28381112345,.87344582593,10650.0955508,7088713.41044,.477591029386917,-.62456516497496,.277460057821657,-.486143874538791
 ,222,222,55079019900,16,27,.52499476124,30.4764945889,8.25,51.4290846188,12.75,55079019900,55079019900,4009,.01892551893,.09173333333,.72222222222,.28083028083,.25663716814,.35126903553,.11075081068,.24170616114,.04273504273,.09768009768,.214570497,.34655524695,.90402240326,35169.8001669,14635955.4057,-.498735603896634,.3542017415995,1.1805163066234,-.621927202691288
 ,223,223,55079186400,16,11,.29731210264,53.8155018179,72,36.9981574998,104.6666667,55079186400,55079186400,1460,.05846153846,.14395393474,0,.06153846154,0,.60684931507,.06712328767,.1102739726,.15692307692,.59384615385,.578754579,.3879109589,.38904109589,18616.2792206,8288552.56678,.701294222311941,-.545930930451762,-2.51836214560557,2.08513150873529
 ,224,224,55079186300,120,293,.47863938784,250.710666626,39.4444444,612.151877678,85.6666667,55079186300,55079186300,3576,.00987166831,.1655379985,.1549851925,.43237907206,.18942731278,.61027104137,.04054809843,.06515659955,.00987166831,.16485686081,.299729625,.57017428206,.28956228956,17020.6511042,13343646.9336,-.490614627981826,-.7429659340189,-1.7170390429562,1.44844527066927
 ,225,225,55079186200,44,51,.20513580528,214.492052912,62.625,248.615788602,78.875,55079186200,55079186200,1506,.04329004329,.07344632768,.39826839827,.06060606061,.46078431373,.55619596542,.08034528552,.05245683931,.24891774892,.45454545455,.084459459,.29505307676,.80495978552,9738.7723694,5718835.15773,1.62156417950424,-.372452436860377,.216275505952404,-.38641465194488
 ,226,226,55079186900,5,50,.16522252887,30.2622168669,17.2,302.622168669,67.2,55079186900,55079186900,2353,.0254391278,.24496644295,.18776499092,.37007874016,.0289017341,.4658008658,.15257118572,.01912452189,.0284675954,.10417928528,.722637979,.25539856616,.69607843137,19202.7414979,4606121.32374,-.624767402234157,-.233071712481772,-.715151527985572,3.40662135075575
 ,227,227,55079187000,19,98,.13868838193,136.997776859,19.8333333,706.620112219,73.6666667,55079187000,55079187000,3466,.00695349848,.14192055534,.1716644937,.32073011734,0,.20889690412,.10357761108,.064050779,.01868752716,.14819643633,.67781155,.30801198286,.65572341662,15302.9286667,3866394.72054,-1.49830933251193,-.16418453218461,-1.44070365409394,1.32148212010424
 ,228,228,55079000202,106,128,3.04301211333,34.833906686,72.4285714,42.0635854321,72.2857143,55079000202,55079000202,6757,.02578565673,.08844596699,.535455278,.3787268332,.21462829736,.29294508501,.07902915495,.07370134675,.08944399678,.12328767123,.292115984,.58049340859,.8546723301,42446.9054369,84833969.5525,-.517202134075196,-.308062166878079,.615397009503381,-.234944590419404
 ,229,229,55079010600,26,37,.11226117779,231.602772319,47.8333333,329.588560608,74.6666667,55079010600,55079010600,1314,.04585152838,.08347826087,.35589519651,.19213973799,.3801369863,.32142857143,.09512937595,.21156773212,.096069869,.2576419214,.251629726,.67113325874,.6299151889,7729.63717846,3129649.49984,-.081903500046746,.0668551873483776,-.753613090492142,-.446940447739971
 ,230,230,55079008000,28,109,.12586546816,222.459745388,46.3333333,866.004008831,74.5,55079008000,55079008000,1964,.02668213457,.09515996719,.2505800464,.15197215777,.38644067797,.14783180026,.02443991853,.03615071283,.0464037123,.27842227378,.370528109,.56752346722,.73244490005,7952.32259107,3508913.83143,-.534941693218313,-.467490171539682,-1.09407839389132,-.287320997552918
 ,231,231,55079007900,22,84,.21267236748,103.445502869,32,394.973738225,99.75,55079007900,55079007900,2223,.00844772967,.10897875257,.2671594509,.23864836325,.28518518519,.24428223844,.03058929375,.09626630679,.00844772967,.15311510032,.505866115,.37787098402,.63443289652,11916.8498837,5928941.61287,-1.01445607311448,-.464494093288191,-1.1479317035811,.204219003304971
 ,232,232,55079160100,4,16,.05553493344,72.026736187,46,288.106944748,100,55079160100,55079160100,6672,.02331245651,.06832298137,.62700069589,.36499652053,.08791832104,.33689538808,.07449040767,.10866306954,.05462769659,.13848295059,.240350511,.23479348266,.87677868604,10268.3257265,1548218.89535,-.668655994224374,-.175940498240487,.886321415974657,-.617520887290748
 ,233,233,55079005200,18,44,.26273781737,68.5093610827,75.4,167.467327091,107.6,55079005200,55079005200,1584,.0193452381,.12278308322,.63244047619,.26636904762,.25490196078,.40342679128,.03851010101,.05555555556,.07589285714,.04910714286,.231192661,.5396695012,.86658114176,10827.9031634,7324680.66787,-.203796060879156,-.499300822724312,.976690795041771,-.0488881703471214
 ,234,234,55079014800,68,60,.13211705118,514.695108566,62.6666667,454.142742852,48.1666667,55079014800,55079014800,2077,.04444444444,.11169102297,.04938271605,.0950617284,.28985507246,.446306967,.11651420318,.11988444872,.10740740741,.49382716049,.36803653,.67675731335,.588350465,8612.75352573,3683197.26632,.471721573494489,.00622690798096243,-1.750509977888,.806424558454757
 ,235,235,55079080400,0,0,.02316905414,0,59.6666667,0,142.3333333,55079080400,55079080400,3240,.02431962942,.17690140845,.29357266937,.25825130284,.18505942275,.35316499481,.23364197531,.06543209877,.10654313839,.29994209612,.593147752,.41339982472,.68926905132,7117.01190197,645913.575307,-.307186263180882,.404868834917213,-.854741015857868,1.99029989303875
 ,236,236,55079007700,31,104,.27347091544,113.357575703,26.375,380.296383003,90.375,55079007700,55079007700,3396,.00601092896,.18813825609,.14808743169,.20327868853,0,.19335163159,.0371024735,.06802120141,.00601092896,.26885245902,.667383127,.20327767303,.48287161156,11686.6577959,7623901.07241,-1.41261815748204,-.394264539041008,-2.40707249416104,1.80970763136113
 ,237,237,55079017400,82,83,.12606643425,650.450696777,104.8333333,658.383022347,118.3333333,55079017400,55079017400,3169,.03804994055,.07332722273,.29845422116,.09512485137,.39907550077,.41199226306,.30766803408,.75291890186,.14863258026,.41379310345,.045781557,.57998592192,.85105008078,8185.35885813,3514516.42214,.4967943670698,2.66323397820571,-.184495072828255,-.67320058790557
 ,238,238,55133200400,0,0,.07521276004,0,42,0,84,55133200400,0,0,0,0,0,0,0,0,0,0,0,0,0,0,0,5996.53173189,2096803.02201,-2.58605839541087,-.310096245268408,-4.63166978240905,-3.20704592104683
 ,239,239,55133200202,0,0,.00278465868,0,115.5,0,121,55133200202,0,0,0,0,0,0,0,0,0,0,0,0,0,0,0,6779.18112455,77631.5179817,-2.58605839541087,-.310096245268408,-4.63166978240905,-3.20704592104683
