D_R,poly_id,objectid,geoid,Violent,Property,SqMi,VCDensity,vclag,PCDensity,pclag,TractID,Id2,Total_Pop,PAIProp,OccuProp,OwnerProp,Inc75K_,MandFHH_ch,Unemployment_fixed,ForeignPro,HispProp,SSIProp,BelowProp,BAup,EthnHerter,SameProp,Shape_Leng,Shape_Area,FAC1_1,FAC2_1,FAC3_1,FAC4_1
 ,2.00,2.00,55079186100,87.00,71.00,0.19,446.56,66.33,364.43,56.33,55079186100,55079186100,2092.00,0.09,0.14,0.22,0.06,0.63,0.13,0.08,0.04,0.17,0.48,0.07,0.46,0.81,9583.09,5431375.45,1.73,-0.33,-0.33,0.51
 ,3.00,3.00,55079185800,61.00,51.00,0.17,359.80,72.86,300.82,65.43,55079185800,55079185800,1449.00,0.06,0.02,0.67,0.08,0.24,0.12,0.02,0.04,0.08,0.17,0.13,0.15,0.87,9138.20,4726409.61,0.09,-0.61,0.82,-1.86
 ,4.00,4.00,55079185400,76.00,67.00,0.28,276.16,81.57,243.46,62.29,55079185400,55079185400,1452.00,0.06,0.07,0.37,0.10,0.47,0.16,0.01,0.00,0.18,0.49,0.13,0.28,0.70,11297.90,7672141.57,1.22,-0.90,-0.38,-0.48
 ,5.00,5.00,55079185900,32.00,34.00,0.19,171.83,69.29,182.57,61.00,55079185900,55079185900,1065.00,0.04,0.00,0.42,0.24,0.45,0.09,0.11,0.00,0.16,0.24,0.22,0.47,0.78,9993.28,5191912.40,0.34,-0.47,0.24,-1.50
 ,6.00,6.00,55079000100,185.00,156.00,1.54,120.43,100.00,101.55,108.67,55079000100,55079000100,4469.00,0.04,0.02,0.23,0.16,0.46,0.08,0.02,0.04,0.13,0.32,0.33,0.50,0.82,26666.34,42824275.85,0.65,-0.84,-0.12,-0.85
 ,7.00,7.00,55079016100,51.00,78.00,0.23,223.37,68.50,341.62,91.33,55079016100,55079016100,3624.00,0.02,0.07,0.52,0.11,0.28,0.04,0.26,0.74,0.06,0.27,0.04,0.52,0.96,12911.93,6365227.75,-0.26,2.57,0.56,-1.20
 ,8.00,8.00,55079007000,112.00,99.00,0.26,437.27,56.88,386.52,77.25,55079007000,55079007000,2811.00,0.10,0.09,0.20,0.11,0.40,0.11,0.05,0.08,0.15,0.43,0.06,0.32,0.78,10947.61,7140550.78,1.20,-0.39,-0.50,-0.17
 ,9.00,9.00,55079021200,20.00,27.00,0.75,26.74,24.67,36.10,54.78,55079021200,55079021200,2346.00,0.03,0.07,0.65,0.24,0.10,0.03,0.11,0.18,0.08,0.12,0.16,0.23,0.87,21015.14,20852136.73,-0.37,0.25,0.90,-0.80
 ,10.00,10.00,55079008700,75.00,53.00,0.13,590.05,99.17,416.97,77.00,55079008700,55079008700,1304.00,0.11,0.01,0.36,0.02,0.57,0.06,0.00,0.07,0.27,0.45,0.10,0.02,0.95,7976.99,3543540.61,2.38,-1.02,0.85,-1.10
 ,11.00,11.00,55079008600,73.00,50.00,0.12,626.00,95.17,428.77,72.00,55079008600,55079008600,1004.00,0.06,0.11,0.35,0.08,0.45,0.07,0.00,0.00,0.20,0.35,0.10,0.06,0.94,7945.31,3250993.97,1.49,-0.80,0.52,0.01
 ,12.00,12.00,55079005500,15.00,46.00,0.49,30.89,25.40,94.74,52.60,55079005500,55079005500,3207.00,0.02,0.09,0.86,0.46,0.16,0.03,0.04,0.11,0.00,0.04,0.46,0.35,0.96,22232.73,13535498.04,-1.24,-0.48,1.62,-0.34
 ,13.00,13.00,55079005600,8.00,37.00,0.48,16.73,10.50,77.38,30.00,55079005600,55079005600,2273.00,0.00,0.11,0.77,0.46,0.14,0.02,0.05,0.06,0.03,0.08,0.52,0.32,0.86,16189.74,13330060.34,-1.12,-0.57,1.12,0.29
 ,14.00,14.00,55079005900,123.00,141.00,0.33,377.41,64.00,432.64,72.33,55079005900,55079005900,3563.00,0.04,0.09,0.47,0.22,0.33,0.07,0.04,0.12,0.12,0.21,0.14,0.52,0.90,14052.90,9085611.05,0.09,-0.26,0.47,-0.56
 ,15.00,15.00,55079007100,35.00,87.00,0.14,246.61,53.33,613.00,87.17,55079007100,55079007100,2001.00,0.05,0.07,0.31,0.20,0.24,0.06,0.03,0.06,0.05,0.19,0.48,0.44,0.76,7953.18,3956650.56,-0.60,-0.60,-0.61,-0.31
 ,16.00,16.00,55079007200,33.00,133.00,0.33,101.10,55.50,407.47,95.00,55079007200,55079007200,2895.00,0.03,0.10,0.44,0.30,0.23,0.03,0.03,0.11,0.05,0.16,0.50,0.47,0.86,14712.61,9099588.69,-0.70,-0.50,0.14,0.12
 ,17.00,17.00,55079019500,12.00,18.00,0.51,23.71,19.50,35.57,23.00,55079019500,55079019500,3520.00,0.00,0.08,0.74,0.48,0.25,0.04,0.05,0.12,0.04,0.09,0.20,0.18,0.87,16049.89,14107533.01,-0.86,-0.32,1.26,-0.78
 ,18.00,18.00,55079101600,0.00,0.00,0.00,0.00,23.33,0.00,45.67,55079101600,55079101600,4463.00,0.01,0.11,0.55,0.24,0.08,0.04,0.07,0.19,0.03,0.10,0.22,0.27,0.92,3280.59,101964.46,-0.86,0.24,0.52,-0.39
 ,19.00,19.00,55079013600,76.00,75.00,0.15,503.60,98.40,496.98,73.80,55079013600,55079013600,2238.00,0.12,0.05,0.07,0.03,0.39,0.10,0.01,0.16,0.17,0.49,0.11,0.49,0.76,9020.51,4207179.40,1.62,-0.55,-0.74,-0.45
 ,20.00,20.00,55079016000,70.00,109.00,0.15,458.45,73.75,713.87,105.75,55079016000,55079016000,3289.00,0.04,0.11,0.29,0.02,0.45,0.10,0.20,0.58,0.10,0.44,0.05,0.72,0.84,8598.37,4256733.06,0.74,1.80,-0.32,-0.21
 ,21.00,21.00,55079018500,17.00,86.00,0.72,23.47,32.56,118.73,53.56,55079018500,55079018500,2013.00,0.01,0.18,0.76,0.38,0.17,0.02,0.12,0.28,0.00,0.12,0.26,0.27,0.94,21630.47,20192627.07,-0.84,0.62,1.24,0.83
 ,22.00,22.00,55079014600,43.00,33.00,0.16,275.41,54.00,211.36,88.80,55079014600,55079014600,3720.00,0.05,0.07,0.01,0.00,0.44,0.03,0.06,0.06,0.22,0.66,0.26,0.46,0.50,8683.60,4352654.78,1.59,-0.59,-1.92,0.21
 ,23.00,23.00,55079187400,43.00,183.00,0.67,64.49,54.75,274.47,122.25,55079187400,55079187400,3249.00,0.02,0.22,0.43,0.58,0.06,0.02,0.06,0.06,0.00,0.09,0.79,0.22,0.66,21992.92,18587499.48,-1.64,-0.65,-0.56,2.65
 ,24.00,24.00,55079980000,4.00,20.00,0.76,5.25,19.38,26.24,75.88,55079980000,55079980000,0.00,0.00,0.00,0.00,0.00,0.00,0.00,0.00,0.00,0.00,0.00,0.00,0.00,0.00,61894.95,21244964.27,-2.59,-0.31,-4.63,-3.21
 ,25.00,25.00,55079006700,74.00,45.00,0.16,453.32,93.20,275.66,77.80,55079006700,55079006700,1200.00,0.11,0.13,0.29,0.06,0.47,0.09,0.18,0.02,0.18,0.38,0.16,0.22,0.70,11934.83,4550903.59,1.48,-0.04,-0.43,0.62
 ,26.00,26.00,55079006400,106.00,83.00,0.19,562.08,107.50,440.12,83.00,55079006400,55079006400,1941.00,0.04,0.13,0.36,0.07,0.33,0.08,0.01,0.01,0.14,0.47,0.01,0.04,0.84,9255.23,5257417.90,1.29,-0.55,0.07,0.32
 ,27.00,27.00,55079009900,100.00,82.00,0.20,501.70,85.29,411.39,63.29,55079009900,55079009900,1175.00,0.10,0.19,0.42,0.12,0.58,0.08,0.00,0.03,0.14,0.31,0.06,0.07,0.85,10356.72,5556781.82,1.48,-0.80,0.36,0.84
 ,28.00,28.00,55079009700,85.00,57.00,0.17,493.42,102.29,330.88,78.71,55079009700,55079009700,1661.00,0.11,0.11,0.47,0.30,0.43,0.04,0.24,0.05,0.16,0.28,0.16,0.56,0.87,8929.74,4802547.39,0.94,0.24,0.75,0.28
 ,29.00,29.00,55079009000,161.00,113.00,0.19,828.99,113.43,581.84,78.00,55079009000,55079009000,2586.00,0.12,0.15,0.21,0.06,0.54,0.12,0.09,0.00,0.21,0.40,0.06,0.29,0.73,9497.55,5414320.62,1.56,-0.42,-0.70,0.58
 ,30.00,30.00,55079013000,22.00,19.00,0.25,87.23,33.25,75.33,57.75,55079013000,55079013000,1938.00,0.06,0.07,0.58,0.19,0.38,0.07,0.12,0.26,0.06,0.16,0.24,0.35,0.88,16194.00,7031164.81,-0.17,0.39,0.64,-0.94
 ,31.00,31.00,55079005700,11.00,50.00,0.31,35.75,19.67,162.52,41.50,55079005700,55079005700,2610.00,0.01,0.12,0.77,0.35,0.11,0.07,0.01,0.01,0.02,0.06,0.42,0.33,0.86,11722.47,8576736.58,-1.12,-0.74,0.91,0.04
 ,32.00,32.00,55079091300,0.00,1.00,0.00,0.00,14.00,343.19,20.00,55079091300,55079091300,3713.00,0.00,0.10,0.69,0.59,0.03,0.01,0.04,0.03,0.01,0.08,0.68,0.11,0.85,2672.91,81232.06,-1.38,-0.88,1.06,0.78
 ,33.00,33.00,55079012700,7.00,26.00,0.39,17.90,18.75,66.48,21.00,55079012700,55079012700,1252.00,0.03,0.15,0.50,0.31,0.29,0.05,0.02,0.18,0.03,0.08,0.40,0.13,0.77,14243.09,10902689.85,-0.50,-0.43,0.24,0.63
 ,34.00,34.00,55079018600,68.00,69.00,0.18,368.22,65.29,373.63,88.00,55079018600,55079018600,2754.00,0.02,0.12,0.47,0.16,0.32,0.06,0.24,0.69,0.11,0.32,0.07,0.59,0.92,9170.03,5148349.03,-0.01,2.30,0.32,-0.20
 ,35.00,35.00,55079002900,78.00,70.00,0.25,307.73,106.33,276.16,92.83,55079002900,55079002900,2253.00,0.09,0.06,0.43,0.15,0.51,0.06,0.04,0.11,0.03,0.27,0.13,0.52,0.74,10643.41,7066357.07,0.46,-0.47,-0.05,-1.00
 ,36.00,36.00,55079013300,30.00,44.00,0.23,130.32,83.20,191.13,79.60,55079013300,55079013300,1012.00,0.08,0.11,0.40,0.15,0.28,0.05,0.11,0.13,0.11,0.28,0.20,0.68,0.85,9996.58,6417857.44,0.31,0.07,0.02,-0.04
 ,37.00,37.00,55079016400,159.00,125.00,0.18,884.91,117.86,695.68,123.43,55079016400,55079016400,4381.00,0.06,0.17,0.27,0.09,0.31,0.11,0.27,0.78,0.10,0.40,0.03,0.57,0.90,9184.83,5009147.70,0.40,2.70,-0.31,0.57
 ,38.00,38.00,55079016900,126.00,127.00,0.18,683.33,119.33,688.75,131.67,55079016900,55079016900,3668.00,0.05,0.32,0.25,0.07,0.33,0.02,0.34,0.80,0.20,0.47,0.00,0.61,0.93,9305.64,5140541.36,1.39,3.13,-0.07,3.13
 ,39.00,39.00,55079016300,154.00,162.00,0.22,711.04,120.50,747.98,118.50,55079016300,55079016300,4457.00,0.01,0.08,0.33,0.07,0.31,0.08,0.33,0.83,0.11,0.37,0.02,0.51,0.87,9867.70,6037973.18,-0.05,3.17,-0.24,-0.92
 ,40.00,40.00,55079019000,37.00,81.00,0.96,38.52,25.00,84.33,55.38,55079019000,55079019000,4761.00,0.03,0.08,0.68,0.35,0.27,0.05,0.07,0.25,0.06,0.17,0.23,0.33,0.87,23251.65,26777382.14,-0.34,0.03,1.09,-0.60
 ,41.00,41.00,55079020400,59.00,109.00,0.19,312.46,50.20,577.25,80.60,55079020400,55079020400,3531.00,0.01,0.07,0.40,0.25,0.23,0.04,0.31,0.66,0.09,0.19,0.10,0.55,0.84,9274.87,5264168.30,-0.69,2.49,0.00,-0.86
 ,42.00,42.00,55079009100,100.00,104.00,0.20,509.19,110.86,529.56,85.14,55079009100,55079009100,2239.00,0.10,0.12,0.23,0.18,0.38,0.05,0.03,0.03,0.27,0.48,0.15,0.37,0.72,9774.39,5475028.96,1.71,-0.89,-0.43,0.68
 ,43.00,43.00,55079009500,15.00,48.00,0.20,75.07,66.67,240.23,63.83,55079009500,55079009500,2149.00,0.01,0.11,0.71,0.42,0.15,0.04,0.03,0.08,0.02,0.05,0.54,0.42,0.88,9656.88,5570406.74,-1.07,-0.64,1.03,0.29
 ,44.00,44.00,55079009300,50.00,68.00,0.22,227.01,64.80,308.73,80.00,55079009300,55079009300,2609.00,0.04,0.06,0.43,0.29,0.42,0.10,0.03,0.06,0.08,0.15,0.37,0.58,0.80,9955.13,6140450.52,-0.29,-0.72,0.14,-0.66
 ,45.00,45.00,55079003100,113.00,116.00,0.48,233.49,92.50,239.68,100.63,55079003100,55079003100,4141.00,0.06,0.06,0.48,0.30,0.32,0.05,0.11,0.04,0.16,0.12,0.22,0.46,0.89,15358.05,13492236.38,0.21,-0.32,0.78,-0.59
 ,46.00,46.00,55079003600,102.00,156.00,0.39,262.36,92.83,401.25,102.67,55079003600,55079003600,2301.00,0.02,0.15,0.44,0.23,0.42,0.11,0.03,0.05,0.16,0.29,0.18,0.23,0.79,13695.46,10838526.79,0.57,-0.54,0.17,0.50
 ,47.00,47.00,55079003500,107.00,129.00,0.45,236.74,93.43,285.41,122.14,55079003500,55079003500,3614.00,0.01,0.11,0.65,0.27,0.29,0.06,0.03,0.02,0.10,0.22,0.13,0.35,0.86,14784.92,12600356.19,-0.06,-0.49,0.82,-0.40
 ,48.00,48.00,55079003900,98.00,101.00,0.26,382.41,128.33,394.11,121.83,55079003900,55079003900,2703.00,0.02,0.08,0.42,0.18,0.33,0.08,0.00,0.05,0.06,0.28,0.15,0.18,0.86,10692.71,7144417.77,0.13,-0.54,0.20,-0.58
 ,49.00,49.00,55079004700,165.00,108.00,0.55,297.73,138.33,194.88,118.89,55079004700,55079004700,4098.00,0.07,0.13,0.41,0.08,0.40,0.10,0.01,0.01,0.18,0.29,0.06,0.04,0.83,18065.54,15449872.62,1.10,-0.73,0.17,-0.01
 ,50.00,50.00,55079006900,88.00,70.00,0.19,452.83,83.67,360.21,114.83,55079006900,55079006900,3046.00,0.03,0.09,0.25,0.06,0.57,0.10,0.01,0.14,0.20,0.50,0.04,0.31,0.68,10525.78,5417681.78,1.24,-0.39,-0.79,-0.52
 ,51.00,51.00,55079012400,41.00,31.00,0.51,80.89,47.00,61.16,48.80,55079012400,55079012400,2661.00,0.08,0.08,0.39,0.20,0.30,0.06,0.04,0.03,0.06,0.12,0.34,0.67,0.84,18173.70,14129965.10,-0.13,-0.64,0.08,-0.31
 ,52.00,52.00,55079090200,0.00,0.00,0.01,0.00,15.00,0.00,46.00,55079090200,55079090200,1926.00,0.00,0.13,0.92,0.54,0.02,0.02,0.12,0.02,0.04,0.05,0.58,0.34,0.91,5597.61,140246.94,-1.07,-0.40,1.85,1.02
 ,53.00,53.00,55079003300,120.00,159.00,0.57,211.05,100.00,279.64,138.50,55079003300,55079003300,5200.00,0.03,0.08,0.48,0.22,0.36,0.06,0.09,0.06,0.09,0.22,0.23,0.54,0.92,16938.09,15851297.92,0.01,-0.14,0.56,-0.48
 ,54.00,54.00,55079000600,131.00,171.00,1.50,87.34,108.00,114.01,102.22,55079000600,55079000600,6958.00,0.03,0.05,0.63,0.23,0.34,0.05,0.12,0.02,0.16,0.23,0.17,0.61,0.86,32758.64,41814256.40,0.24,-0.22,0.83,-1.02
 ,55.00,55.00,55079005800,54.00,75.00,0.39,138.32,55.57,192.11,69.43,55079005800,55079005800,3530.00,0.02,0.10,0.55,0.37,0.21,0.04,0.02,0.02,0.05,0.13,0.47,0.51,0.87,14499.80,10883781.17,-0.88,-0.73,0.42,0.00
 ,56.00,56.00,55079008800,115.00,86.00,0.19,607.50,100.00,454.31,75.33,55079008800,55079008800,1643.00,0.04,0.07,0.22,0.02,0.56,0.11,0.01,0.00,0.30,0.47,0.05,0.06,0.77,9769.38,5277331.45,1.96,-0.84,-0.25,-0.53
 ,57.00,57.00,55079013700,96.00,57.00,0.12,788.18,93.00,467.98,76.00,55079013700,55079013700,1506.00,0.04,0.12,0.10,0.05,0.63,0.06,0.17,0.04,0.19,0.49,0.13,0.47,0.73,7836.16,3395578.98,1.30,0.21,-1.00,0.28
 ,58.00,58.00,55079070300,0.00,0.00,0.00,0.00,59.50,0.00,111.50,55079070300,55079070300,4760.00,0.00,0.14,0.67,0.57,0.10,0.02,0.13,0.05,0.01,0.03,0.67,0.31,0.83,1725.93,21121.31,-1.37,-0.33,0.93,1.24
 ,59.00,59.00,55079001500,107.00,132.00,0.57,186.67,117.00,230.28,106.00,55079001500,55079001500,3431.00,0.09,0.13,0.49,0.20,0.37,0.19,0.12,0.00,0.12,0.30,0.10,0.58,0.74,16801.05,15980072.51,0.77,-0.27,0.13,0.19
 ,60.00,60.00,55079019300,14.00,26.00,0.34,41.17,9.50,76.46,15.00,55079019300,55079019300,2723.00,0.01,0.04,0.85,0.37,0.13,0.04,0.05,0.12,0.03,0.05,0.23,0.14,0.96,13290.97,9479596.00,-0.95,-0.24,1.69,-1.44
 ,61.00,61.00,55079008100,37.00,28.00,0.11,343.66,56.29,260.06,84.43,55079008100,55079008100,1279.00,0.05,0.08,0.24,0.06,0.52,0.05,0.01,0.18,0.28,0.43,0.09,0.53,0.84,7567.18,3001534.18,1.72,-0.49,-0.03,-0.36
 ,62.00,62.00,55079090800,0.00,0.00,0.00,0.00,4.75,0.00,21.75,55079090800,55079090800,2350.00,0.01,0.21,0.80,0.63,0.09,0.05,0.03,0.00,0.02,0.02,0.77,0.12,0.90,5425.66,70282.52,-1.34,-1.01,1.36,2.35
 ,63.00,63.00,55079091000,0.00,0.00,0.00,0.00,59.00,0.00,72.00,55079091000,55079091000,4864.00,0.01,0.15,0.64,0.57,0.14,0.03,0.04,0.05,0.03,0.06,0.67,0.28,0.88,1525.20,16565.45,-1.28,-0.76,0.87,1.35
 ,64.00,64.00,55079001900,119.00,96.00,0.38,314.76,109.25,253.93,99.63,55079001900,55079001900,2966.00,0.03,0.11,0.38,0.11,0.35,0.14,0.02,0.01,0.15,0.26,0.12,0.33,0.75,13276.34,10539752.52,0.54,-0.64,-0.21,-0.28
 ,65.00,65.00,55079001300,164.00,157.00,0.76,215.04,109.14,205.86,106.57,55079001300,55079001300,4266.00,0.01,0.08,0.47,0.15,0.31,0.03,0.12,0.05,0.08,0.17,0.10,0.53,0.78,18600.38,21261503.03,-0.07,0.08,0.11,-0.78
 ,66.00,66.00,55079002500,133.00,130.00,0.21,623.47,118.20,609.41,87.00,55079002500,55079002500,2227.00,0.06,0.12,0.50,0.10,0.29,0.15,0.01,0.06,0.11,0.32,0.08,0.33,0.88,10482.72,5947066.66,0.68,-0.48,0.39,-0.11
 ,67.00,67.00,55079001000,133.00,131.00,0.59,224.45,81.50,221.08,75.17,55079001000,55079001000,3636.00,0.04,0.14,0.40,0.16,0.47,0.07,0.02,0.01,0.14,0.27,0.08,0.33,0.89,21345.89,16519518.41,0.74,-0.55,0.35,0.05
 ,68.00,68.00,55079007500,14.00,61.00,0.27,52.49,23.00,228.70,69.67,55079007500,55079007500,2522.00,0.00,0.19,0.60,0.65,0.08,0.02,0.07,0.05,0.00,0.21,0.85,0.20,0.73,10837.43,7435753.54,-1.43,-0.75,0.25,2.52
 ,69.00,69.00,55079008500,74.00,55.00,0.15,480.58,95.50,357.18,68.50,55079008500,55079008500,1162.00,0.05,0.05,0.25,0.06,0.56,0.08,0.00,0.02,0.22,0.48,0.13,0.07,0.76,8741.30,4292756.30,1.60,-0.91,-0.30,-0.69
 ,70.00,70.00,55079014400,46.00,161.00,0.23,202.73,47.00,709.54,121.00,55079014400,55079014400,2960.00,0.00,0.18,0.14,0.44,0.00,0.03,0.18,0.08,0.01,0.13,0.76,0.36,0.59,9890.88,6325777.99,-1.78,0.17,-1.64,2.20
 ,71.00,71.00,55079015700,112.00,102.00,0.19,596.17,109.17,542.94,128.50,55079015700,55079015700,2892.00,0.04,0.17,0.16,0.04,0.25,0.03,0.24,0.77,0.14,0.39,0.05,0.62,0.92,9346.63,5237354.21,0.61,2.55,-0.42,0.79
 ,72.00,72.00,55079060200,0.00,0.00,0.02,0.00,120.60,0.00,134.80,55079060200,55079060200,5768.00,0.01,0.11,0.60,0.36,0.13,0.02,0.06,0.04,0.10,0.10,0.43,0.34,0.87,23643.89,457546.29,-0.44,-0.59,0.91,0.38
 ,73.00,73.00,55079004400,119.00,223.00,0.90,132.91,52.38,249.07,55.38,55079004400,55079004400,3655.00,0.03,0.10,0.20,0.12,0.39,0.08,0.08,0.07,0.12,0.31,0.21,0.50,0.78,33966.05,24960019.24,0.35,-0.13,-0.70,-0.05
 ,74.00,74.00,55079018300,25.00,43.00,0.26,96.30,14.50,165.64,42.67,55079018300,55079018300,2434.00,0.02,0.11,0.50,0.36,0.20,0.03,0.04,0.11,0.05,0.09,0.39,0.20,0.87,12947.71,7237270.65,-0.89,-0.37,0.37,0.07
 ,75.00,75.00,55079021500,8.00,23.00,0.50,16.05,41.00,46.14,79.33,55079021500,55079021500,3037.00,0.05,0.06,0.87,0.36,0.03,0.04,0.09,0.12,0.06,0.08,0.28,0.28,0.94,15860.60,13895379.82,-0.25,-0.29,2.00,-0.54
 ,76.00,76.00,55079080100,0.00,0.00,0.00,0.00,59.50,0.00,111.50,55079080100,55079080100,2703.00,0.01,0.15,0.44,0.41,0.14,0.04,0.12,0.03,0.01,0.07,0.67,0.23,0.84,4543.37,103031.31,-1.22,-0.29,0.12,1.40
 ,77.00,77.00,55079090300,0.00,0.00,0.00,0.00,11.50,0.00,41.50,55079090300,55079090300,3230.00,0.00,0.11,0.46,0.34,0.14,0.02,0.13,0.09,0.03,0.10,0.49,0.40,0.80,640.79,25.32,-1.01,-0.01,0.07,0.49
 ,78.00,78.00,55079012900,33.00,24.00,0.40,83.17,15.33,60.48,24.00,55079012900,55079012900,3231.00,0.02,0.09,0.48,0.24,0.27,0.05,0.03,0.20,0.09,0.14,0.21,0.35,0.90,13793.64,11062139.97,-0.32,-0.10,0.47,-0.57
 ,79.00,79.00,55079001800,74.00,83.00,0.38,194.58,124.00,218.24,124.29,55079001800,55079001800,3253.00,0.05,0.07,0.35,0.12,0.47,0.07,0.10,0.11,0.15,0.36,0.07,0.57,0.80,13430.53,10602375.00,0.82,-0.01,-0.08,-0.67
 ,80.00,80.00,55079000900,123.00,119.00,1.35,90.88,114.67,87.92,115.67,55079000900,55079000900,3474.00,0.05,0.11,0.44,0.22,0.39,0.07,0.02,0.05,0.06,0.28,0.17,0.46,0.87,32773.50,37732992.32,0.38,-0.52,0.38,-0.03
 ,81.00,81.00,55079000300,15.00,37.00,0.62,24.34,74.00,60.04,87.80,55079000300,55079000300,1949.00,0.01,0.06,0.49,0.27,0.25,0.04,0.03,0.02,0.10,0.18,0.15,0.62,0.88,17882.85,17180045.26,-0.09,-0.55,0.65,-0.86
 ,82.00,82.00,55079000300,98.00,77.00,0.71,138.30,62.60,108.67,73.20,55079000300,55079000300,3233.00,0.03,0.07,0.41,0.28,0.41,0.09,0.04,0.05,0.09,0.23,0.22,0.44,0.68,19182.32,19754146.96,-0.32,-0.52,-0.46,-0.78
 ,83.00,83.00,55079009400,10.00,32.00,0.23,42.87,44.00,137.20,58.00,55079009400,55079009400,2574.00,0.03,0.08,0.60,0.40,0.36,0.04,0.02,0.06,0.03,0.05,0.54,0.28,0.81,10235.77,6502339.20,-1.00,-0.85,0.49,-0.26
 ,84.00,84.00,55079090100,0.00,0.00,0.00,0.00,81.00,0.00,151.50,55079090100,55079090100,4388.00,0.02,0.12,0.64,0.40,0.07,0.03,0.05,0.02,0.03,0.12,0.44,0.26,0.87,6934.35,118509.48,-0.70,-0.62,0.94,0.57
 ,85.00,85.00,55079012600,17.00,27.00,0.30,56.15,12.83,89.17,17.83,55079012600,55079012600,2432.00,0.00,0.11,0.54,0.26,0.18,0.01,0.03,0.06,0.03,0.09,0.39,0.17,0.87,20792.64,8441137.63,-0.95,-0.38,0.35,-0.15
 ,86.00,86.00,55079002400,139.00,101.00,0.45,310.40,128.56,225.54,111.78,55079002400,55079002400,2480.00,0.08,0.10,0.34,0.10,0.34,0.08,0.08,0.02,0.07,0.37,0.07,0.28,0.79,17889.48,12484108.78,0.67,-0.27,-0.26,-0.31
 ,87.00,87.00,55079021800,12.00,13.00,0.34,35.65,23.00,38.62,50.00,55079021800,55079021800,2506.00,0.04,0.10,0.53,0.32,0.27,0.05,0.16,0.23,0.08,0.18,0.17,0.38,0.90,14919.20,9383870.53,0.01,0.51,0.90,-0.14
 ,88.00,88.00,55079017300,76.00,129.00,0.20,385.23,62.29,653.88,81.29,55079017300,55079017300,4087.00,0.02,0.14,0.51,0.21,0.38,0.09,0.34,0.81,0.04,0.33,0.05,0.58,0.86,9957.76,5499918.19,-0.35,3.16,0.16,0.01
 ,89.00,89.00,55079014700,49.00,26.00,0.10,470.96,51.60,249.89,45.20,55079014700,55079014700,3151.00,0.00,0.09,0.04,0.04,0.86,0.02,0.10,0.09,0.05,0.70,0.38,0.46,0.55,7683.52,2900563.77,0.81,-0.07,-2.04,0.18
 ,90.00,90.00,55079004000,83.00,92.00,0.25,333.83,101.57,370.02,104.57,55079004000,55079004000,2623.00,0.07,0.21,0.26,0.08,0.53,0.06,0.03,0.01,0.10,0.32,0.14,0.26,0.86,10562.87,6931469.42,1.17,-0.50,-0.13,1.47
 ,91.00,91.00,55079019600,22.00,34.00,0.50,43.73,23.60,67.58,31.20,55079019600,55079019600,3492.00,0.02,0.09,0.51,0.28,0.12,0.02,0.06,0.10,0.05,0.13,0.23,0.23,0.89,15897.14,14025948.39,-0.53,-0.16,0.57,-0.30
 ,92.00,92.00,55079016600,98.00,89.00,0.25,397.55,81.80,361.04,84.40,55079016600,55079016600,1879.00,0.03,0.16,0.18,0.14,0.38,0.08,0.14,0.51,0.27,0.44,0.08,0.69,0.81,10877.34,6872242.16,1.22,1.13,-0.42,0.90
 ,93.00,93.00,55079016500,81.00,76.00,0.47,171.92,92.57,161.31,122.29,55079016500,55079016500,2131.00,0.05,0.19,0.29,0.10,0.23,0.10,0.22,0.76,0.12,0.42,0.08,0.57,0.88,22121.50,13134518.85,0.47,2.34,-0.27,1.07
 ,94.00,94.00,55079005300,19.00,53.00,0.26,73.38,50.40,204.68,76.60,55079005300,55079005300,2050.00,0.00,0.04,0.63,0.26,0.29,0.04,0.00,0.04,0.03,0.11,0.33,0.58,0.85,10748.05,7218670.81,-0.83,-0.67,0.58,-1.28
 ,95.00,95.00,55079002000,123.00,95.00,0.42,295.40,115.38,228.16,100.75,55079002000,55079002000,2534.00,0.11,0.12,0.41,0.11,0.41,0.09,0.02,0.01,0.18,0.32,0.12,0.27,0.72,14096.93,11607969.59,1.25,-0.90,-0.13,0.14
 ,96.00,96.00,55079001100,76.00,93.00,1.23,62.03,130.29,75.91,119.29,55079001100,55079001100,2317.00,0.02,0.16,0.34,0.10,0.35,0.03,0.01,0.02,0.12,0.26,0.20,0.34,0.89,28282.41,34154969.62,0.51,-0.51,0.07,0.60
 ,97.00,97.00,55079004300,171.00,169.00,0.76,223.99,121.63,221.37,104.50,55079004300,55079004300,4620.00,0.04,0.15,0.47,0.09,0.48,0.10,0.01,0.01,0.07,0.23,0.18,0.14,0.69,24577.15,21282611.77,0.54,-0.75,-0.21,0.24
 ,98.00,98.00,55079002300,147.00,122.00,0.71,207.12,95.40,171.89,82.80,55079002300,55079002300,4015.00,0.03,0.12,0.49,0.09,0.42,0.15,0.02,0.06,0.15,0.29,0.12,0.20,0.85,21671.96,19786430.93,0.73,-0.48,0.33,-0.14
 ,99.00,99.00,55079002200,33.00,29.00,0.44,75.15,110.60,66.04,93.80,55079002200,55079002200,1956.00,0.06,0.06,0.56,0.20,0.34,0.08,0.09,0.14,0.08,0.33,0.17,0.53,0.82,31229.76,12241671.33,0.25,-0.05,0.43,-0.78
 ,100.00,100.00,55079007400,11.00,14.00,0.35,31.20,21.50,39.71,69.50,55079007400,55079007400,4055.00,0.00,0.04,0.68,0.59,0.04,0.01,0.04,0.05,0.08,0.20,0.78,0.34,0.46,13010.02,9829477.23,-1.10,-1.29,-0.02,0.42
 ,101.00,101.00,55079007300,27.00,71.00,0.27,100.03,20.17,263.04,69.67,55079007300,55079007300,2789.00,0.01,0.05,0.35,0.24,0.04,0.04,0.02,0.01,0.01,0.37,0.72,0.41,0.67,13228.45,7525049.08,-1.30,-0.75,-1.26,-0.01
 ,102.00,102.00,55079120200,0.00,0.00,0.00,0.00,12.00,0.00,18.00,55079120200,55079120200,3690.00,0.01,0.12,0.50,0.26,0.08,0.02,0.07,0.06,0.02,0.13,0.24,0.22,0.91,13.44,0.98,-0.48,-0.16,0.67,0.13
 ,103.00,103.00,55079019700,35.00,39.00,0.73,48.14,21.50,53.65,30.25,55079019700,55079019700,5505.00,0.01,0.06,0.59,0.37,0.08,0.02,0.14,0.18,0.03,0.08,0.25,0.20,0.89,18647.07,20267560.07,-0.98,0.37,0.83,-0.74
 ,104.00,104.00,55079185100,0.00,0.00,0.00,0.00,9.00,0.00,26.00,55079185100,55079185100,4576.00,0.03,0.08,0.43,0.24,0.08,0.02,0.08,0.10,0.04,0.15,0.40,0.20,0.85,4328.43,106975.38,-0.58,-0.18,0.22,-0.07
 ,105.00,105.00,55079020500,28.00,78.00,0.18,151.83,46.60,422.96,82.40,55079020500,55079020500,3079.00,0.04,0.11,0.45,0.14,0.33,0.05,0.25,0.67,0.09,0.22,0.09,0.40,0.86,9180.06,5141108.23,-0.08,2.21,0.16,-0.41
 ,106.00,106.00,55079019200,19.00,30.00,0.55,34.47,23.17,54.42,42.83,55079019200,55079019200,3143.00,0.04,0.10,0.69,0.27,0.22,0.04,0.06,0.26,0.05,0.13,0.24,0.32,0.92,19623.06,15367874.78,-0.30,0.07,1.19,-0.41
 ,107.00,107.00,55079018800,23.00,38.00,0.36,63.88,69.33,105.54,91.50,55079018800,55079018800,2178.00,0.08,0.12,0.52,0.14,0.30,0.05,0.31,0.80,0.17,0.34,0.05,0.34,0.86,12638.10,10037830.25,0.60,2.61,0.43,-0.06
 ,108.00,108.00,55079185200,0.00,0.00,0.00,0.00,18.50,0.00,34.00,55079185200,55079185200,4956.00,0.06,0.11,0.53,0.24,0.17,0.03,0.04,0.14,0.09,0.10,0.22,0.21,0.83,4848.84,62469.78,-0.22,-0.31,0.48,-0.24
 ,109.00,109.00,55079090900,0.00,0.00,0.00,0.00,16.25,0.00,31.25,55079090900,55079090900,3914.00,0.01,0.12,0.51,0.48,0.07,0.02,0.03,0.03,0.01,0.07,0.57,0.25,0.81,4009.48,40980.10,-1.24,-0.77,0.34,0.82
 ,110.00,110.00,55079002700,72.00,51.00,0.26,271.71,110.43,192.46,100.29,55079002700,55079002700,2153.00,0.06,0.20,0.24,0.16,0.34,0.08,0.08,0.00,0.17,0.36,0.08,0.13,0.71,10895.44,7387380.48,1.10,-0.36,-0.54,1.44
 ,111.00,111.00,55079002600,146.00,118.00,0.27,541.15,107.83,437.37,91.67,55079002600,55079002600,2867.00,0.01,0.06,0.36,0.12,0.47,0.08,0.00,0.02,0.19,0.35,0.13,0.11,0.69,11648.41,7521403.49,0.71,-0.76,-0.43,-0.82
 ,112.00,112.00,55079005100,132.00,130.00,0.93,141.45,67.13,139.31,97.00,55079005100,55079005100,3491.00,0.05,0.13,0.30,0.11,0.20,0.08,0.07,0.03,0.16,0.34,0.10,0.34,0.75,20710.25,26016023.96,0.40,-0.19,-0.67,0.21
 ,113.00,113.00,55079000300,4.00,7.00,0.77,5.21,59.80,9.12,80.60,55079000300,55079000300,1462.00,0.00,0.07,0.90,0.40,0.12,0.03,0.05,0.02,0.03,0.03,0.29,0.26,0.88,21869.69,21389730.62,-1.03,-0.52,1.57,-0.83
 ,114.00,114.00,55079110100,0.00,0.00,0.02,0.00,45.20,0.00,84.20,55079110100,55079110100,4200.00,0.04,0.10,0.41,0.20,0.28,0.06,0.13,0.30,0.07,0.26,0.20,0.46,0.78,12355.34,606702.22,-0.12,0.61,-0.15,-0.17
 ,115.00,115.00,55079017200,29.00,42.00,0.18,160.31,48.17,232.18,81.50,55079017200,55079017200,2945.00,0.05,0.11,0.55,0.17,0.23,0.03,0.32,0.78,0.08,0.22,0.10,0.54,0.95,11201.89,5043027.77,-0.11,2.77,0.76,-0.29
 ,116.00,116.00,55079017100,41.00,77.00,0.25,164.40,59.67,308.74,82.33,55079017100,55079017100,2897.00,0.01,0.08,0.61,0.17,0.31,0.03,0.36,0.77,0.09,0.17,0.09,0.58,0.97,12732.04,6952785.03,-0.44,3.05,0.90,-0.98
 ,117.00,117.00,55079002800,111.00,70.00,0.25,437.36,112.00,275.81,96.57,55079002800,55079002800,2294.00,0.10,0.09,0.27,0.16,0.44,0.15,0.04,0.04,0.20,0.33,0.05,0.32,0.77,10674.18,7075384.63,1.33,-0.70,-0.12,-0.31
 ,118.00,118.00,55079001700,144.00,162.00,0.51,281.68,101.29,316.89,122.86,55079001700,55079001700,4607.00,0.07,0.01,0.39,0.19,0.47,0.08,0.04,0.03,0.11,0.21,0.13,0.44,0.78,16691.72,14251914.18,0.35,-0.65,0.05,-1.69
 ,119.00,119.00,55079001400,99.00,70.00,0.43,230.77,118.00,163.17,130.80,55079001400,55079001400,2360.00,0.06,0.10,0.23,0.23,0.34,0.04,0.12,0.03,0.12,0.28,0.14,0.56,0.78,15268.79,11959968.44,0.36,-0.12,-0.41,-0.05
 ,120.00,120.00,55079000500,162.00,126.00,0.69,235.31,87.33,183.02,108.00,55079000500,55079000500,4934.00,0.05,0.06,0.25,0.10,0.46,0.08,0.08,0.06,0.11,0.32,0.13,0.47,0.76,20189.69,19193126.65,0.37,-0.18,-0.63,-0.95
 ,121.00,121.00,55079120200,0.00,0.00,0.02,0.00,16.00,0.00,27.00,55079120200,55079120200,3062.00,0.02,0.13,0.52,0.25,0.18,0.01,0.08,0.16,0.01,0.12,0.23,0.25,0.90,3937.72,532008.78,-0.56,0.17,0.57,0.03
 ,122.00,122.00,55079004100,109.00,106.00,0.56,195.80,116.88,190.41,97.13,55079004100,55079004100,2641.00,0.03,0.11,0.42,0.13,0.39,0.07,0.00,0.03,0.09,0.26,0.20,0.28,0.76,19592.89,15519642.73,0.24,-0.66,-0.20,-0.29
 ,123.00,123.00,55079091400,0.00,0.00,0.00,0.00,16.00,0.00,32.00,55079091400,55079091400,2297.00,0.01,0.12,0.62,0.55,0.08,0.02,0.05,0.04,0.02,0.02,0.55,0.24,0.92,1498.24,19539.82,-1.28,-0.69,1.08,0.68
 ,124.00,124.00,55079006100,112.00,91.00,0.20,557.37,137.43,452.87,119.86,55079006100,55079006100,2276.00,0.14,0.12,0.37,0.19,0.41,0.05,0.03,0.02,0.18,0.38,0.22,0.24,0.85,9534.57,5601925.32,1.74,-1.07,0.53,0.78
 ,125.00,125.00,55079012500,15.00,37.00,0.70,21.37,34.86,52.72,46.86,55079012500,55079012500,2141.00,0.01,0.10,0.57,0.42,0.15,0.02,0.02,0.05,0.02,0.08,0.48,0.27,0.89,20302.44,19566559.64,-1.04,-0.73,0.72,0.12
 ,126.00,126.00,55079000300,26.00,68.00,1.30,20.05,96.63,52.45,99.00,55079000300,55079000300,3278.00,0.02,0.06,0.88,0.49,0.08,0.05,0.09,0.06,0.07,0.07,0.35,0.65,0.91,32216.21,36146879.11,-0.74,-0.44,1.88,-0.50
 ,127.00,127.00,55079005000,104.00,112.00,0.44,236.15,95.71,254.32,108.00,55079005000,55079005000,5256.00,0.04,0.11,0.46,0.22,0.31,0.09,0.04,0.04,0.05,0.15,0.27,0.48,0.88,16058.65,12277326.37,-0.13,-0.50,0.43,-0.12
 ,128.00,128.00,55079001600,86.00,94.00,0.51,169.00,118.71,184.72,135.71,55079001600,55079001600,2973.00,0.04,0.10,0.42,0.17,0.43,0.05,0.03,0.06,0.11,0.26,0.08,0.40,0.83,16023.76,14186850.03,0.16,-0.31,-0.09,-0.67
 ,129.00,129.00,55079017000,124.00,160.00,0.27,455.16,79.63,587.30,97.88,55079017000,55079017000,5958.00,0.05,0.13,0.42,0.11,0.29,0.04,0.20,0.65,0.12,0.39,0.07,0.64,0.84,11232.97,7594951.20,0.48,1.87,0.01,0.13
 ,130.00,130.00,55079020200,27.00,50.00,0.37,73.63,38.60,136.35,85.00,55079020200,55079020200,3535.00,0.01,0.06,0.75,0.26,0.20,0.06,0.20,0.33,0.01,0.11,0.18,0.35,0.80,12999.10,10222843.40,-1.01,1.08,0.69,-1.25
 ,131.00,131.00,55079021300,16.00,21.00,0.49,32.73,33.17,42.96,72.83,55079021300,55079021300,1699.00,0.01,0.13,0.35,0.16,0.15,0.03,0.13,0.20,0.02,0.10,0.17,0.42,0.86,15602.94,13626247.29,-0.31,0.55,0.17,0.13
 ,132.00,132.00,55079018900,11.00,42.00,0.24,45.95,51.00,175.45,101.83,55079018900,55079018900,1983.00,0.01,0.14,0.60,0.36,0.12,0.03,0.31,0.67,0.02,0.19,0.16,0.10,0.92,13141.77,6673556.77,-1.07,2.62,0.66,0.16
 ,133.00,133.00,55079185500,115.00,80.00,0.34,337.02,66.50,234.45,55.88,55079185500,55079185500,1790.00,0.06,0.12,0.24,0.10,0.52,0.12,0.01,0.00,0.18,0.44,0.10,0.05,0.70,13478.45,9512710.27,1.24,-0.79,-0.72,0.18
 ,134.00,134.00,55079186000,61.00,44.00,0.22,271.26,56.00,195.66,61.20,55079186000,55079186000,1550.00,0.02,0.06,0.11,0.07,0.42,0.10,0.00,0.03,0.21,0.46,0.15,0.32,0.73,11020.30,6269182.56,1.25,-0.74,-0.77,-0.31
 ,135.00,135.00,55079007800,41.00,126.00,0.25,163.32,23.14,501.91,78.57,55079007800,55079007800,3608.00,0.01,0.12,0.23,0.27,0.04,0.03,0.12,0.09,0.05,0.41,0.52,0.38,0.52,11388.29,6998536.79,-1.06,0.07,-1.92,0.83
 ,136.00,136.00,55079010700,46.00,112.00,0.24,194.54,26.63,473.67,68.00,55079010700,55079010700,2505.00,0.00,0.13,0.44,0.42,0.11,0.03,0.04,0.16,0.02,0.08,0.55,0.45,0.77,11823.92,6591854.71,-1.61,-0.25,-0.33,0.50
 ,137.00,137.00,55079014100,41.00,63.00,0.26,159.68,54.83,245.37,84.50,55079014100,55079014100,1562.00,0.08,0.19,0.01,0.03,0.70,0.06,0.03,0.06,0.09,0.47,0.16,0.35,0.85,12147.63,7157905.29,1.58,-0.42,-0.82,1.45
 ,138.00,138.00,55079021100,9.00,28.00,0.25,36.29,19.50,112.91,48.00,55079021100,55079021100,1405.00,0.03,0.07,0.64,0.30,0.18,0.01,0.07,0.15,0.06,0.06,0.30,0.24,0.91,10532.03,6913586.50,-0.60,-0.17,1.02,-0.77
 ,139.00,139.00,55079021400,41.00,64.00,0.50,82.78,16.40,129.21,29.00,55079021400,55079021400,3646.00,0.02,0.05,0.27,0.17,0.28,0.03,0.11,0.34,0.09,0.30,0.12,0.56,0.85,15684.05,13808513.59,0.00,0.69,-0.19,-0.91
 ,140.00,140.00,55079021600,36.00,74.00,1.43,25.20,24.80,51.80,46.20,55079021600,55079021600,4933.00,0.02,0.03,0.69,0.30,0.16,0.04,0.28,0.23,0.08,0.21,0.16,0.32,0.83,25392.91,39824499.78,-0.51,1.17,0.85,-1.24
 ,141.00,141.00,55079009800,92.00,75.00,0.17,541.40,125.17,441.36,78.50,55079009800,55079009800,1532.00,0.16,0.07,0.31,0.03,0.40,0.11,0.07,0.01,0.21,0.52,0.06,0.33,0.85,11153.81,4737352.83,2.12,-0.69,0.14,-0.20
 ,142.00,142.00,55079002100,134.00,115.00,0.35,386.45,115.00,331.66,95.60,55079002100,55079002100,2154.00,0.02,0.14,0.29,0.08,0.50,0.11,0.01,0.03,0.16,0.34,0.07,0.18,0.82,12593.60,9666657.48,0.92,-0.48,-0.29,0.15
 ,143.00,143.00,55079000500,80.00,161.00,1.56,51.22,64.00,103.08,71.11,55079000500,55079000500,3844.00,0.03,0.08,0.51,0.21,0.36,0.05,0.05,0.08,0.05,0.14,0.15,0.60,0.84,35741.99,43543637.77,-0.31,-0.26,0.32,-0.97
 ,144.00,144.00,55079006500,107.00,102.00,0.19,552.25,132.20,526.44,97.40,55079006500,55079006500,2109.00,0.13,0.11,0.36,0.09,0.48,0.08,0.04,0.01,0.26,0.46,0.11,0.14,0.77,9840.95,5401519.28,2.29,-0.99,0.22,0.45
 ,145.00,145.00,55079010800,30.00,103.00,0.13,239.37,22.80,821.83,84.60,55079010800,55079010800,2598.00,0.02,0.19,0.19,0.29,0.05,0.02,0.07,0.04,0.05,0.18,0.69,0.29,0.64,9347.24,3493990.70,-1.23,-0.41,-1.57,1.96
 ,146.00,146.00,55079001200,148.00,100.00,0.47,312.81,112.80,211.36,120.00,55079001200,55079001200,3224.00,0.10,0.05,0.17,0.16,0.53,0.13,0.10,0.01,0.19,0.39,0.05,0.47,0.76,15165.51,13190199.08,1.27,-0.42,-0.46,-0.74
 ,147.00,147.00,55079021000,9.00,17.00,0.50,18.16,25.00,34.31,49.80,55079021000,55079021000,2293.00,0.00,0.12,0.81,0.34,0.20,0.05,0.07,0.17,0.07,0.11,0.30,0.24,0.94,15895.71,13813552.67,-0.68,-0.02,1.35,-0.17
 ,148.00,148.00,55079011100,51.00,71.00,0.10,532.81,25.00,741.75,85.20,55079011100,55079011100,1547.00,0.02,0.15,0.16,0.31,0.02,0.03,0.13,0.03,0.03,0.26,0.67,0.26,0.56,7344.58,2668485.86,-1.39,-0.14,-1.94,1.52
 ,149.00,149.00,55079000400,45.00,55.00,0.93,48.38,80.00,59.14,161.00,55079000400,55079000400,2527.00,0.04,0.05,0.21,0.07,0.50,0.01,0.05,0.05,0.14,0.23,0.17,0.58,0.85,20917.76,25928206.89,0.50,-0.37,-0.32,-1.05
 ,150.00,150.00,55079020600,23.00,55.00,0.51,44.92,15.20,107.41,46.80,55079020600,55079020600,3695.00,0.03,0.07,0.62,0.31,0.19,0.07,0.03,0.15,0.02,0.10,0.28,0.24,0.90,15952.09,14275314.48,-0.78,-0.28,0.79,-0.88
 ,151.00,151.00,55079185600,63.00,77.00,0.26,241.37,60.14,295.01,51.57,55079185600,55079185600,1628.00,0.07,0.14,0.29,0.20,0.20,0.08,0.01,0.04,0.12,0.33,0.31,0.49,0.85,10608.74,7276563.03,0.53,-0.71,-0.12,0.89
 ,152.00,152.00,55079185700,84.00,70.00,0.26,325.14,70.86,270.95,59.43,55079185700,55079185700,2037.00,0.21,0.13,0.26,0.06,0.54,0.19,0.02,0.04,0.09,0.48,0.10,0.30,0.74,10740.36,7202285.70,1.96,-0.96,-0.40,0.58
 ,153.00,153.00,55079006000,106.00,94.00,0.16,662.77,98.86,587.74,109.71,55079006000,55079006000,2543.00,0.06,0.11,0.28,0.02,0.41,0.10,0.02,0.06,0.15,0.28,0.12,0.21,0.72,8674.30,4458691.08,0.89,-0.55,-0.57,-0.27
 ,154.00,154.00,55079013400,110.00,73.00,0.21,530.73,81.00,352.21,81.00,55079013400,55079013400,2234.00,0.05,0.14,0.18,0.11,0.52,0.04,0.09,0.16,0.17,0.44,0.05,0.69,0.74,10259.86,5778078.02,1.30,0.08,-0.62,0.50
 ,155.00,155.00,55079012300,66.00,64.00,0.30,222.26,80.50,215.52,62.50,55079012300,55079012300,1031.00,0.03,0.07,0.24,0.05,0.68,0.05,0.07,0.14,0.10,0.32,0.05,0.41,0.79,11823.87,8278608.41,0.60,0.06,-0.53,-1.11
 ,156.00,156.00,55079012200,86.00,96.00,0.19,446.83,85.71,498.78,62.57,55079012200,55079012200,2082.00,0.08,0.06,0.29,0.13,0.26,0.08,0.21,0.05,0.19,0.45,0.12,0.69,0.79,9343.63,5365676.76,1.14,0.29,-0.16,-0.20
 ,157.00,157.00,55079006600,125.00,94.00,0.36,342.88,93.40,257.85,71.10,55079006600,55079006600,2546.00,0.12,0.00,0.37,0.06,0.54,0.13,0.04,0.05,0.18,0.43,0.05,0.13,0.79,14772.80,10163310.00,1.82,-0.84,0.29,-1.49
 ,158.00,158.00,55079006800,76.00,76.00,0.22,340.11,106.83,340.11,78.00,55079006800,55079006800,2386.00,0.07,0.14,0.29,0.08,0.49,0.12,0.02,0.02,0.20,0.39,0.08,0.09,0.72,15707.41,6229672.50,1.47,-0.72,-0.39,0.38
 ,159.00,159.00,55079000200,125.00,114.00,3.05,40.95,72.00,37.35,73.60,55079000200,55079000200,5073.00,0.06,0.14,0.17,0.14,0.52,0.13,0.13,0.19,0.09,0.37,0.13,0.57,0.82,42690.13,85088433.75,0.64,0.44,-0.58,0.44
 ,160.00,160.00,55079003000,100.00,129.00,0.51,197.37,102.63,254.61,111.00,55079003000,55079003000,4298.00,0.07,0.08,0.64,0.22,0.40,0.06,0.04,0.06,0.06,0.18,0.13,0.45,0.86,16157.63,14124570.37,0.14,-0.48,0.83,-0.95
 ,161.00,161.00,55079000700,93.00,99.00,1.51,61.49,90.25,65.45,111.50,55079000700,55079000700,3560.00,0.01,0.10,0.57,0.22,0.29,0.04,0.08,0.02,0.04,0.21,0.20,0.55,0.84,26514.99,42167620.05,-0.21,-0.25,0.50,-0.31
 ,162.00,162.00,55079000800,135.00,123.00,1.17,115.14,105.75,104.91,120.50,55079000800,55079000800,4844.00,0.03,0.11,0.47,0.18,0.29,0.07,0.04,0.05,0.07,0.14,0.25,0.53,0.82,25014.10,32685550.42,-0.01,-0.46,0.30,-0.03
 ,163.00,163.00,55079018700,55.00,65.00,0.19,290.94,65.43,343.84,87.14,55079018700,55079018700,3735.00,0.02,0.09,0.25,0.10,0.36,0.03,0.18,0.63,0.18,0.45,0.03,0.46,0.82,9279.71,5270172.70,0.46,1.80,-0.54,-0.58
 ,164.00,164.00,55079017900,26.00,83.00,0.24,109.85,31.60,350.67,50.80,55079017900,55079017900,2885.00,0.01,0.19,0.42,0.31,0.08,0.06,0.07,0.14,0.03,0.11,0.48,0.25,0.85,12166.55,6598420.57,-1.07,0.01,-0.13,1.36
 ,165.00,165.00,55079019800,31.00,50.00,0.80,38.97,27.33,62.86,46.17,55079019800,55079019800,5707.00,0.02,0.12,0.59,0.32,0.22,0.04,0.09,0.26,0.05,0.15,0.16,0.37,0.90,21763.98,22174258.03,-0.38,0.36,0.88,-0.13
 ,166.00,166.00,55079004500,127.00,71.00,0.27,478.97,113.80,267.77,125.40,55079004500,55079004500,2209.00,0.03,0.14,0.29,0.11,0.32,0.10,0.09,0.10,0.18,0.48,0.05,0.21,0.86,10768.90,7391958.59,1.09,0.11,-0.15,0.58
 ,167.00,167.00,55079120300,0.00,1.00,0.01,0.00,25.50,114.51,46.50,55079120300,55079120300,2102.00,0.02,0.04,0.83,0.36,0.18,0.05,0.03,0.20,0.02,0.10,0.29,0.27,0.82,10933.79,243463.09,-0.94,-0.31,1.15,-1.27
 ,168.00,168.00,55079013500,157.00,81.00,0.10,1605.20,77.00,828.16,64.33,55079013500,55079013500,2082.00,0.06,0.18,0.07,0.09,0.67,0.07,0.06,0.14,0.18,0.49,0.15,0.52,0.82,8095.35,2726687.99,1.72,-0.20,-0.63,1.37
 ,169.00,169.00,55079090700,0.00,0.00,0.01,0.00,4.00,0.00,18.50,55079090700,55079090700,3278.00,0.01,0.16,0.82,0.69,0.10,0.02,0.04,0.03,0.01,0.05,0.80,0.08,0.93,7978.96,147994.24,-1.46,-0.99,1.61,1.72
 ,170.00,170.00,55079014900,84.00,73.00,0.14,610.10,85.83,530.21,70.83,55079014900,55079014900,1440.00,0.06,0.04,0.03,0.01,0.18,0.04,0.09,0.17,0.14,0.62,0.20,0.59,0.60,9600.82,3838349.97,0.62,0.13,-1.96,-0.45
 ,171.00,171.00,55079021700,46.00,100.00,4.90,9.39,14.83,20.42,28.33,55079021700,55079021700,6473.00,0.02,0.08,0.72,0.39,0.18,0.01,0.09,0.19,0.11,0.11,0.23,0.20,0.91,61353.31,136553466.48,-0.29,-0.05,1.43,-0.46
 ,172.00,172.00,55079014300,14.00,53.00,0.10,144.36,28.43,546.52,91.57,55079014300,55079014300,2432.00,0.01,0.17,0.22,0.39,0.00,0.03,0.11,0.06,0.03,0.15,0.68,0.33,0.75,7455.28,2703565.58,-1.35,-0.16,-0.92,1.87
 ,173.00,173.00,55079009200,70.00,85.00,0.16,444.52,73.71,539.77,82.57,55079009200,55079009200,1865.00,0.04,0.10,0.38,0.21,0.33,0.10,0.02,0.10,0.17,0.25,0.18,0.56,0.73,8591.70,4390123.97,0.27,-0.52,-0.27,-0.31
 ,174.00,174.00,55079009600,129.00,63.00,0.40,324.51,80.75,158.48,73.50,55079009600,55079009600,2039.00,0.06,0.06,0.33,0.06,0.68,0.08,0.06,0.18,0.20,0.35,0.08,0.53,0.77,13625.45,11082223.25,1.29,-0.19,-0.12,-0.98
 ,175.00,175.00,55079012800,25.00,33.00,1.05,23.83,1.75,31.46,6.75,55079012800,55079012800,3091.00,0.03,0.12,0.50,0.28,0.17,0.02,0.05,0.11,0.07,0.15,0.32,0.31,0.69,26935.77,29246652.92,-0.56,-0.40,-0.19,0.10
 ,176.00,176.00,55079003400,82.00,142.00,0.79,104.13,64.50,180.33,87.50,55079003400,55079003400,6164.00,0.01,0.08,0.42,0.13,0.36,0.05,0.09,0.05,0.05,0.20,0.26,0.58,0.90,41039.51,21953204.93,-0.11,-0.07,0.24,-0.53
 ,177.00,177.00,55079019400,21.00,19.00,0.50,41.76,23.00,37.78,30.33,55079019400,55079019400,4036.00,0.03,0.10,0.43,0.28,0.21,0.04,0.06,0.13,0.06,0.14,0.24,0.23,0.85,16138.62,14019212.30,-0.44,-0.14,0.28,-0.24
 ,178.00,178.00,55079020300,34.00,83.00,0.56,60.70,30.25,148.17,63.38,55079020300,55079020300,4160.00,0.00,0.12,0.69,0.29,0.24,0.06,0.18,0.47,0.00,0.13,0.17,0.28,0.86,15814.28,15616678.53,-0.88,1.40,0.78,-0.38
 ,179.00,179.00,55079018000,25.00,65.00,1.22,20.56,49.57,53.46,77.86,55079018000,55079018000,2877.00,0.03,0.10,0.33,0.30,0.16,0.04,0.04,0.17,0.05,0.19,0.42,0.22,0.78,32564.38,33896372.06,-0.83,-0.20,-0.47,0.06
 ,180.00,180.00,55079008400,69.00,50.00,0.18,391.40,89.17,283.62,70.17,55079008400,55079008400,1151.00,0.09,0.18,0.21,0.11,0.59,0.18,0.01,0.01,0.17,0.51,0.03,0.09,0.88,8996.71,4914667.04,1.86,-0.67,-0.11,1.22
 ,181.00,181.00,55079016200,78.00,85.00,0.18,435.54,93.00,474.63,114.43,55079016200,55079016200,3181.00,0.02,0.12,0.44,0.17,0.13,0.08,0.23,0.68,0.11,0.28,0.13,0.53,0.93,9153.54,4992629.99,-0.14,2.20,0.37,0.01
 ,182.00,182.00,55079011200,15.00,56.00,0.16,94.69,32.38,353.52,85.25,55079011200,55079011200,2298.00,0.04,0.13,0.24,0.34,0.05,0.02,0.07,0.08,0.10,0.24,0.64,0.33,0.67,10471.20,4416141.63,-0.93,-0.47,-1.19,1.13
 ,183.00,183.00,55079018200,5.00,23.00,0.22,23.18,15.00,106.61,31.00,55079018200,55079018200,1696.00,0.00,0.16,0.67,0.48,0.11,0.06,0.02,0.05,0.03,0.04,0.61,0.06,0.86,12455.49,6014629.29,-1.24,-0.76,0.83,1.16
 ,184.00,184.00,55079018100,11.00,24.00,0.22,49.63,20.25,108.28,53.50,55079018100,55079018100,1663.00,0.03,0.15,0.65,0.40,0.12,0.02,0.04,0.03,0.04,0.04,0.47,0.15,0.88,10793.81,6178874.54,-0.79,-0.65,0.91,0.93
 ,185.00,185.00,55079004600,115.00,89.00,0.26,435.76,128.50,337.24,103.33,55079004600,55079004600,2660.00,0.05,0.08,0.37,0.11,0.37,0.09,0.00,0.01,0.18,0.39,0.07,0.07,0.82,10881.51,7357333.80,1.10,-0.78,0.13,-0.50
 ,186.00,186.00,55079003200,87.00,108.00,0.31,277.16,111.00,344.05,139.50,55079003200,55079003200,2810.00,0.02,0.06,0.71,0.24,0.32,0.06,0.15,0.02,0.05,0.12,0.17,0.52,0.92,12527.11,8751095.12,-0.32,0.09,1.19,-1.10
 ,187.00,187.00,55079020100,66.00,108.00,0.73,89.91,40.57,147.13,85.71,55079020100,55079020100,3785.00,0.04,0.13,0.41,0.21,0.16,0.05,0.14,0.47,0.08,0.18,0.19,0.28,0.93,18376.26,20464381.80,-0.09,1.12,0.49,0.30
 ,188.00,188.00,55079015900,98.00,117.00,0.18,538.36,89.00,642.74,112.50,55079015900,55079015900,3609.00,0.06,0.16,0.26,0.02,0.29,0.06,0.25,0.68,0.12,0.39,0.05,0.64,0.85,9157.41,5074792.46,0.52,2.35,-0.52,0.51
 ,189.00,189.00,55079019100,35.00,66.00,0.60,58.37,27.33,110.06,62.50,55079019100,55079019100,3822.00,0.00,0.07,0.50,0.33,0.23,0.02,0.10,0.31,0.03,0.21,0.31,0.40,0.79,28239.37,16717670.07,-0.68,0.41,0.26,-0.43
 ,190.00,190.00,55079015800,113.00,98.00,0.17,682.86,111.50,592.21,122.33,55079015800,55079015800,2591.00,0.04,0.14,0.22,0.11,0.34,0.10,0.32,0.68,0.08,0.37,0.04,0.65,0.90,8665.01,4613337.98,0.13,2.76,-0.42,0.25
 ,191.00,191.00,55079004200,161.00,122.00,0.27,604.62,146.00,458.16,121.00,55079004200,55079004200,3746.00,0.05,0.04,0.34,0.11,0.49,0.14,0.00,0.01,0.18,0.42,0.07,0.08,0.69,14226.46,7423454.27,0.90,-0.84,-0.49,-1.26
 ,192.00,192.00,55079016700,131.00,125.00,0.19,697.93,112.86,665.97,100.29,55079016700,55079016700,3527.00,0.05,0.14,0.19,0.11,0.54,0.03,0.38,0.74,0.10,0.41,0.05,0.66,0.89,9358.82,5232664.73,0.57,3.12,-0.36,0.39
 ,193.00,193.00,55079017600,88.00,86.00,0.18,483.34,93.67,472.36,90.00,55079017600,55079017600,2666.00,0.06,0.09,0.30,0.04,0.32,0.05,0.28,0.72,0.13,0.41,0.04,0.61,0.89,9184.85,5075657.78,0.40,2.54,-0.30,-0.53
 ,194.00,194.00,55079016800,154.00,134.00,0.20,758.11,129.67,659.65,124.00,55079016800,55079016800,3355.00,0.02,0.12,0.33,0.11,0.36,0.05,0.32,0.77,0.13,0.44,0.02,0.61,0.89,9629.86,5663102.57,0.33,2.92,-0.13,-0.07
 ,195.00,195.00,55079017500,126.00,122.00,0.19,667.92,90.88,646.71,90.88,55079017500,55079017500,3993.00,0.06,0.17,0.37,0.12,0.38,0.06,0.26,0.70,0.15,0.38,0.05,0.69,0.87,9336.45,5259143.26,0.65,2.32,0.01,0.67
 ,196.00,196.00,55079000100,69.00,84.00,2.51,27.49,111.00,33.46,122.67,55079000100,55079000100,3666.00,0.07,0.06,0.46,0.19,0.27,0.03,0.12,0.06,0.14,0.21,0.20,0.58,0.75,37062.94,69983791.31,0.51,-0.30,0.28,-0.50
 ,197.00,197.00,55079006200,183.00,102.00,0.18,1008.40,131.00,562.06,103.43,55079006200,55079006200,2624.00,0.03,0.08,0.30,0.13,0.51,0.08,0.01,0.01,0.20,0.33,0.11,0.11,0.81,9120.18,5059230.28,1.07,-0.79,-0.03,-0.44
 ,198.00,198.00,55079007600,24.00,83.00,0.22,107.38,20.57,371.36,80.29,55079007600,55079007600,3554.00,0.01,0.08,0.22,0.41,0.08,0.02,0.10,0.04,0.03,0.21,0.65,0.23,0.67,10214.71,6230829.40,-1.14,-0.45,-0.92,0.73
 ,199.00,199.00,55079011400,29.00,52.00,0.21,137.17,49.22,245.95,101.89,55079011400,55079011400,1446.00,0.01,0.27,0.34,0.45,0.17,0.01,0.07,0.04,0.01,0.08,0.70,0.34,0.76,11613.62,5894135.22,-1.35,-0.38,-0.60,2.99
 ,200.00,200.00,55079011000,25.00,82.00,0.11,232.81,22.33,763.61,71.83,55079011000,55079011000,2763.00,0.01,0.14,0.13,0.15,0.00,0.02,0.08,0.01,0.07,0.17,0.60,0.32,0.70,8251.71,2993682.68,-0.99,-0.29,-1.49,1.11
 ,201.00,201.00,55079005400,37.00,84.00,0.52,71.54,25.50,162.41,62.00,55079005400,55079005400,3701.00,0.02,0.06,0.66,0.29,0.17,0.03,0.05,0.05,0.03,0.14,0.33,0.44,0.87,16075.65,14418740.79,-0.69,-0.47,0.81,-0.72
 ,202.00,202.00,55079006300,150.00,113.00,0.34,446.28,139.71,336.19,101.29,55079006300,55079006300,2320.00,0.06,0.05,0.24,0.06,0.34,0.11,0.00,0.03,0.22,0.33,0.05,0.12,0.74,12336.63,9370301.90,1.10,-0.77,-0.48,-0.89
 ,203.00,203.00,55079008900,93.00,54.00,0.23,403.58,144.29,234.34,106.43,55079008900,55079008900,1058.00,0.03,0.07,0.31,0.11,0.41,0.07,0.03,0.05,0.39,0.56,0.07,0.31,0.61,12062.51,6424217.31,1.76,-0.76,-0.70,-0.35
 ,204.00,204.00,55079004900,133.00,167.00,0.38,348.69,107.29,437.83,103.00,55079004900,55079004900,4396.00,0.01,0.09,0.49,0.26,0.34,0.07,0.01,0.06,0.08,0.16,0.27,0.48,0.88,13317.43,10633447.35,-0.26,-0.60,0.47,-0.46
 ,205.00,205.00,55079004800,209.00,174.00,0.38,544.25,125.63,453.11,102.50,55079004800,55079004800,4014.00,0.07,0.08,0.39,0.05,0.36,0.09,0.02,0.02,0.13,0.33,0.07,0.19,0.80,13364.50,10705733.55,1.01,-0.67,0.05,-0.58
 ,206.00,206.00,55079100400,0.00,0.00,0.00,0.00,7.00,0.00,26.00,55079100400,55079100400,2708.00,0.00,0.07,0.42,0.29,0.30,0.01,0.02,0.17,0.09,0.16,0.25,0.22,0.90,942.24,26.73,-0.34,-0.27,0.47,-0.69
 ,207.00,207.00,55079100700,0.00,0.00,0.00,0.00,25.00,0.00,33.00,55079100700,55079100700,3131.00,0.00,0.06,0.86,0.36,0.12,0.02,0.06,0.15,0.06,0.06,0.22,0.27,0.97,1244.85,9.12,-0.84,-0.13,1.73,-1.16
 ,208.00,208.00,55079020800,9.00,26.00,0.35,25.96,13.25,75.00,28.50,55079020800,55079020800,3329.00,0.01,0.17,0.57,0.41,0.07,0.03,0.03,0.07,0.03,0.06,0.50,0.25,0.79,14688.96,9664180.01,-1.18,-0.53,0.23,1.09
 ,209.00,209.00,55079020900,14.00,20.00,0.39,35.84,14.43,51.21,37.29,55079020900,55079020900,2836.00,0.01,0.09,0.74,0.32,0.22,0.06,0.04,0.17,0.03,0.12,0.37,0.22,0.94,14129.52,10888841.70,-0.86,-0.21,1.16,-0.53
 ,210.00,210.00,55079120500,0.00,0.00,0.00,0.00,12.00,0.00,13.00,55079120500,55079120500,5374.00,0.01,0.20,0.55,0.28,0.22,0.04,0.12,0.09,0.03,0.11,0.30,0.24,0.84,869.81,6900.69,-0.21,0.08,0.64,1.41
 ,211.00,211.00,55079186500,80.00,167.00,0.48,167.74,92.60,350.15,125.80,55079186500,55079186500,1693.00,0.08,0.14,0.31,0.18,0.33,0.02,0.21,0.50,0.04,0.32,0.28,0.62,0.87,16481.37,13296297.44,0.07,1.43,-0.21,0.63
 ,212.00,212.00,55079186600,84.00,70.00,0.39,213.04,58.25,177.53,81.88,55079186600,55079186600,2266.00,0.05,0.09,0.31,0.13,0.39,0.07,0.13,0.56,0.15,0.42,0.10,0.48,0.84,15231.05,10992234.35,0.51,1.27,-0.25,-0.45
 ,213.00,213.00,55079185300,0.00,0.00,0.00,0.00,12.50,0.00,17.00,55079185300,55079185300,3701.00,0.02,0.14,0.59,0.43,0.07,0.01,0.06,0.02,0.02,0.09,0.50,0.26,0.80,429.93,9918.11,-0.79,-0.67,0.66,1.07
 ,214.00,214.00,55079186800,68.00,143.00,2.20,30.86,65.21,64.90,94.71,55079186800,55079186800,1560.00,0.02,0.22,0.04,0.02,0.27,0.09,0.24,0.44,0.21,0.49,0.06,0.69,0.71,46394.37,61422836.91,1.02,1.79,-1.39,1.91
 ,215.00,215.00,55079018400,13.00,52.00,0.28,46.07,33.00,184.26,64.17,55079018400,55079018400,1471.00,0.03,0.13,0.56,0.41,0.09,0.03,0.07,0.11,0.02,0.14,0.35,0.17,0.87,12505.25,7867502.19,-0.91,-0.17,0.56,0.52
 ,216.00,216.00,55079003700,51.00,65.00,0.25,207.92,108.40,265.00,129.80,55079003700,55079003700,2202.00,0.01,0.08,0.61,0.24,0.31,0.07,0.04,0.02,0.10,0.21,0.22,0.40,0.82,10801.30,6838038.36,-0.38,-0.47,0.39,-0.80
 ,217.00,217.00,55079011300,25.00,74.00,0.18,136.38,45.86,403.67,114.00,55079011300,55079011300,2052.00,0.01,0.15,0.25,0.34,0.00,0.02,0.10,0.05,0.11,0.23,0.67,0.30,0.70,10154.30,5110535.41,-0.60,-0.42,-0.76,1.91
 ,218.00,218.00,55079020000,75.00,213.00,0.54,138.88,27.71,394.42,52.57,55079020000,55079020000,3493.00,0.01,0.14,0.43,0.17,0.24,0.07,0.17,0.31,0.09,0.27,0.15,0.47,0.85,22549.15,15055209.36,-0.19,1.06,-0.04,0.19
 ,219.00,219.00,55079120400,2.00,0.00,0.01,149.37,35.00,0.00,73.50,55079120400,55079120400,6810.00,0.01,0.05,0.55,0.33,0.11,0.04,0.06,0.15,0.07,0.12,0.23,0.26,0.85,11124.92,373289.19,-0.79,-0.08,0.56,-0.93
 ,220.00,220.00,55079020700,23.00,48.00,0.68,33.64,14.00,70.20,32.67,55079020700,55079020700,4321.00,0.02,0.08,0.68,0.36,0.14,0.03,0.04,0.12,0.03,0.12,0.34,0.19,0.87,23776.34,19063344.75,-0.92,-0.37,0.85,-0.57
 ,221.00,221.00,55079003800,71.00,84.00,0.25,279.23,111.13,330.35,121.63,55079003800,55079003800,2284.00,0.10,0.08,0.40,0.16,0.34,0.06,0.02,0.08,0.05,0.27,0.21,0.28,0.87,10650.10,7088713.41,0.48,-0.62,0.28,-0.49
 ,222.00,222.00,55079019900,16.00,27.00,0.52,30.48,8.25,51.43,12.75,55079019900,55079019900,4009.00,0.02,0.09,0.72,0.28,0.26,0.01,0.11,0.24,0.04,0.10,0.21,0.35,0.90,35169.80,14635955.41,-0.50,0.35,1.18,-0.62
 ,223.00,223.00,55079186400,16.00,11.00,0.30,53.82,72.00,37.00,104.67,55079186400,55079186400,1460.00,0.06,0.14,0.00,0.06,0.00,0.04,0.07,0.11,0.16,0.59,0.58,0.39,0.39,18616.28,8288552.57,0.70,-0.55,-2.52,2.09
 ,224.00,224.00,55079186300,120.00,293.00,0.48,250.71,39.44,612.15,85.67,55079186300,55079186300,3576.00,0.01,0.17,0.15,0.43,0.19,0.01,0.04,0.07,0.01,0.16,0.30,0.57,0.29,17020.65,13343646.93,-0.49,-0.74,-1.72,1.45
 ,225.00,225.00,55079186200,44.00,51.00,0.21,214.49,62.63,248.62,78.88,55079186200,55079186200,1506.00,0.04,0.07,0.40,0.06,0.46,0.10,0.08,0.05,0.25,0.45,0.08,0.30,0.80,9738.77,5718835.16,1.62,-0.37,0.22,-0.39
 ,226.00,226.00,55079186900,5.00,50.00,0.17,30.26,17.20,302.62,67.20,55079186900,55079186900,2353.00,0.03,0.24,0.19,0.37,0.03,0.02,0.15,0.02,0.03,0.10,0.72,0.26,0.70,19202.74,4606121.32,-0.62,-0.23,-0.72,3.41
 ,227.00,227.00,55079187000,19.00,98.00,0.14,137.00,19.83,706.62,73.67,55079187000,55079187000,3466.00,0.01,0.14,0.17,0.32,0.00,0.01,0.10,0.06,0.02,0.15,0.68,0.31,0.66,15302.93,3866394.72,-1.50,-0.16,-1.44,1.32
 ,228.00,228.00,55079000200,106.00,128.00,3.04,34.83,72.43,42.06,72.29,55079000200,55079000200,6757.00,0.03,0.09,0.54,0.38,0.21,0.08,0.08,0.07,0.09,0.12,0.29,0.58,0.85,42446.91,84833969.55,-0.52,-0.31,0.62,-0.23
 ,229.00,229.00,55079010600,26.00,37.00,0.11,231.60,47.83,329.59,74.67,55079010600,55079010600,1314.00,0.05,0.08,0.36,0.19,0.38,0.07,0.10,0.21,0.10,0.26,0.25,0.67,0.63,7729.64,3129649.50,-0.08,0.07,-0.75,-0.45
 ,230.00,230.00,55079008000,28.00,109.00,0.13,222.46,46.33,866.00,74.50,55079008000,55079008000,1964.00,0.03,0.10,0.25,0.15,0.39,0.05,0.02,0.04,0.05,0.28,0.37,0.57,0.73,7952.32,3508913.83,-0.53,-0.47,-1.09,-0.29
 ,231.00,231.00,55079007900,22.00,84.00,0.21,103.45,32.00,394.97,99.75,55079007900,55079007900,2223.00,0.01,0.11,0.27,0.24,0.29,0.05,0.03,0.10,0.01,0.15,0.51,0.38,0.63,11916.85,5928941.61,-1.01,-0.46,-1.15,0.20
 ,232.00,232.00,55079160100,4.00,16.00,0.06,72.03,46.00,288.11,100.00,55079160100,55079160100,6672.00,0.02,0.07,0.63,0.36,0.09,0.03,0.07,0.11,0.05,0.14,0.24,0.23,0.88,10268.33,1548218.90,-0.67,-0.18,0.89,-0.62
 ,233.00,233.00,55079005200,18.00,44.00,0.26,68.51,75.40,167.47,107.60,55079005200,55079005200,1584.00,0.02,0.12,0.63,0.27,0.25,0.03,0.04,0.06,0.08,0.05,0.23,0.54,0.87,10827.90,7324680.67,-0.20,-0.50,0.98,-0.05
 ,234.00,234.00,55079014800,68.00,60.00,0.13,514.70,62.67,454.14,48.17,55079014800,55079014800,2077.00,0.04,0.11,0.05,0.10,0.29,0.05,0.12,0.12,0.11,0.49,0.37,0.68,0.59,8612.75,3683197.27,0.47,0.01,-1.75,0.81
 ,235.00,235.00,55079080400,0.00,0.00,0.02,0.00,59.67,0.00,142.33,55079080400,55079080400,3240.00,0.02,0.18,0.29,0.26,0.19,0.03,0.23,0.07,0.11,0.30,0.59,0.41,0.69,7117.01,645913.58,-0.31,0.40,-0.85,1.99
 ,236.00,236.00,55079007700,31.00,104.00,0.27,113.36,26.38,380.30,90.38,55079007700,55079007700,3396.00,0.01,0.19,0.15,0.20,0.00,0.03,0.04,0.07,0.01,0.27,0.67,0.20,0.48,11686.66,7623901.07,-1.41,-0.39,-2.41,1.81
 ,237.00,237.00,55079017400,82.00,83.00,0.13,650.45,104.83,658.38,118.33,55079017400,55079017400,3169.00,0.04,0.07,0.30,0.10,0.40,0.06,0.31,0.75,0.15,0.41,0.05,0.58,0.85,8185.36,3514516.42,0.50,2.66,-0.18,-0.67
 ,0.00,0.00,0,0.00,0.00,0.00,0.00,0.00,0.00,0.00,0,0,0.00,0.00,0.00,0.00,0.00,0.00,0.00,0.00,0.00,0.00,0.00,0.00,0.00,0.00,0.00,0.00,0.00,0.00,0.00,0.00
 ,0.00,0.00,0,0.00,0.00,0.00,0.00,0.00,0.00,0.00,0,0,0.00,0.00,0.00,0.00,0.00,0.00,0.00,0.00,0.00,0.00,0.00,0.00,0.00,0.00,0.00,0.00,0.00,0.00,0.00,0.00
 ,0.00,0.00,0,0.00,0.00,0.00,0.00,0.00,0.00,0.00,0,0,0.00,0.00,0.00,0.00,0.00,0.00,0.00,0.00,0.00,0.00,0.00,0.00,0.00,0.00,0.00,0.00,0.00,0.00,0.00,0.00
